-- MySQL dump 10.13  Distrib 8.0.20, for Win64 (x86_64)
--
-- Host: localhost    Database: vk2
-- ------------------------------------------------------
-- Server version	8.0.20

/*!40101 SET @OLD_CHARACTER_SET_CLIENT=@@CHARACTER_SET_CLIENT */;
/*!40101 SET @OLD_CHARACTER_SET_RESULTS=@@CHARACTER_SET_RESULTS */;
/*!40101 SET @OLD_COLLATION_CONNECTION=@@COLLATION_CONNECTION */;
/*!50503 SET NAMES utf8mb4 */;
/*!40103 SET @OLD_TIME_ZONE=@@TIME_ZONE */;
/*!40103 SET TIME_ZONE='+00:00' */;
/*!40014 SET @OLD_UNIQUE_CHECKS=@@UNIQUE_CHECKS, UNIQUE_CHECKS=0 */;
/*!40014 SET @OLD_FOREIGN_KEY_CHECKS=@@FOREIGN_KEY_CHECKS, FOREIGN_KEY_CHECKS=0 */;
/*!40101 SET @OLD_SQL_MODE=@@SQL_MODE, SQL_MODE='NO_AUTO_VALUE_ON_ZERO' */;
/*!40111 SET @OLD_SQL_NOTES=@@SQL_NOTES, SQL_NOTES=0 */;

--
-- Table structure for table `cities`
--

DROP TABLE IF EXISTS `cities`;
/*!40101 SET @saved_cs_client     = @@character_set_client */;
/*!50503 SET character_set_client = utf8mb4 */;
CREATE TABLE `cities` (
  `id` int unsigned NOT NULL AUTO_INCREMENT COMMENT 'Идентификатор строки',
  `country_id` int unsigned NOT NULL,
  `name` varchar(50) NOT NULL COMMENT 'Название города',
  `created_at` datetime DEFAULT CURRENT_TIMESTAMP COMMENT 'Время создания строки',
  `updated_at` datetime DEFAULT CURRENT_TIMESTAMP ON UPDATE CURRENT_TIMESTAMP COMMENT 'Время обновления строки',
  PRIMARY KEY (`id`),
  UNIQUE KEY `name` (`name`),
  KEY `cities_country_id_fk` (`country_id`),
  CONSTRAINT `cities_country_id_fk` FOREIGN KEY (`country_id`) REFERENCES `countries` (`id`)
) ENGINE=InnoDB AUTO_INCREMENT=128 DEFAULT CHARSET=utf8mb4 COLLATE=utf8mb4_0900_ai_ci COMMENT='Список стран';
/*!40101 SET character_set_client = @saved_cs_client */;

--
-- Dumping data for table `cities`
--

LOCK TABLES `cities` WRITE;
/*!40000 ALTER TABLE `cities` DISABLE KEYS */;
INSERT INTO `cities` VALUES (1,15,'Goodwinmouth','2020-10-25 13:51:00','2020-10-25 13:54:42'),(2,63,'East Lionelville','2020-10-25 13:51:00','2020-10-25 13:54:42'),(3,23,'Stehrport','2020-10-25 13:51:00','2020-10-25 13:54:42'),(4,9,'South Davon','2020-10-25 13:51:00','2020-10-25 13:54:42'),(5,54,'Lake Elwinburgh','2020-10-25 13:51:00','2020-10-25 13:54:42'),(6,81,'East Ayanafurt','2020-10-25 13:51:00','2020-10-25 13:54:42'),(7,1,'New Adolf','2020-10-25 13:51:00','2020-10-25 13:54:42'),(8,4,'Port Melyssa','2020-10-25 13:51:00','2020-10-25 13:54:42'),(9,17,'West Ansley','2020-10-25 13:51:00','2020-10-25 13:54:42'),(10,71,'Lake Daynaview','2020-10-25 13:51:00','2020-10-25 13:54:42'),(11,62,'Kosshaven','2020-10-25 13:51:00','2020-10-25 13:54:42'),(12,14,'Clovisfort','2020-10-25 13:51:00','2020-10-25 13:54:42'),(13,48,'Isaiahton','2020-10-25 13:51:00','2020-10-25 13:54:42'),(14,33,'Croninville','2020-10-25 13:51:00','2020-10-25 13:54:42'),(15,20,'Halvorsonview','2020-10-25 13:51:00','2020-10-25 13:54:42'),(16,1,'New Vinnie','2020-10-25 13:51:00','2020-10-25 13:54:42'),(17,26,'Savanahchester','2020-10-25 13:51:00','2020-10-25 13:54:42'),(18,46,'South Elianefurt','2020-10-25 13:51:00','2020-10-25 13:54:42'),(19,68,'Port Filibertostad','2020-10-25 13:51:00','2020-10-25 13:54:42'),(20,41,'Lake Floybury','2020-10-25 13:51:00','2020-10-25 13:54:42'),(21,81,'Port Jazmyn','2020-10-25 13:51:00','2020-10-25 13:54:42'),(22,40,'East Louisaland','2020-10-25 13:51:00','2020-10-25 13:54:42'),(23,36,'Kaitlynborough','2020-10-25 13:51:00','2020-10-25 13:54:42'),(24,62,'Hillarymouth','2020-10-25 13:51:00','2020-10-25 13:54:42'),(25,36,'Wardville','2020-10-25 13:51:00','2020-10-25 13:54:42'),(26,77,'Lake Mario','2020-10-25 13:51:00','2020-10-25 13:54:42'),(27,34,'West Ciara','2020-10-25 13:51:00','2020-10-25 13:54:42'),(28,20,'Corwinport','2020-10-25 13:51:00','2020-10-25 13:54:42'),(29,78,'North Christa','2020-10-25 13:51:00','2020-10-25 13:54:42'),(30,4,'Lake Lura','2020-10-25 13:51:00','2020-10-25 13:54:42'),(31,30,'Port Estelleshire','2020-10-25 13:51:00','2020-10-25 13:54:42'),(32,58,'West Domenicoport','2020-10-25 13:51:00','2020-10-25 13:54:42'),(33,34,'Weberton','2020-10-25 13:51:00','2020-10-25 13:54:42'),(34,80,'East Berneice','2020-10-25 13:51:00','2020-10-25 13:54:42'),(35,53,'Port Ayla','2020-10-25 13:51:00','2020-10-25 13:54:42'),(36,25,'New Ward','2020-10-25 13:51:00','2020-10-25 13:54:42'),(37,48,'South Domenicobury','2020-10-25 13:51:00','2020-10-25 13:54:42'),(38,81,'East Lacey','2020-10-25 13:51:00','2020-10-25 13:54:42'),(39,17,'Stephanieberg','2020-10-25 13:51:00','2020-10-25 13:54:42'),(40,3,'South Ashlynn','2020-10-25 13:51:00','2020-10-25 13:54:42'),(41,44,'West Sofiafurt','2020-10-25 13:51:00','2020-10-25 13:54:42'),(42,50,'Schowalterhaven','2020-10-25 13:51:00','2020-10-25 13:54:42'),(43,34,'Whitehaven','2020-10-25 13:51:00','2020-10-25 13:54:42'),(44,22,'Schuppechester','2020-10-25 13:51:00','2020-10-25 13:54:42'),(45,8,'West Jeremyton','2020-10-25 13:51:00','2020-10-25 13:54:42'),(46,52,'West Amy','2020-10-25 13:51:00','2020-10-25 13:54:42'),(47,76,'Port Chelsie','2020-10-25 13:51:00','2020-10-25 13:54:42'),(48,59,'Lake Micahstad','2020-10-25 13:51:00','2020-10-25 13:54:42'),(49,67,'Cornellchester','2020-10-25 13:51:00','2020-10-25 13:54:42'),(50,78,'Port Kayli','2020-10-25 13:51:00','2020-10-25 13:54:42'),(51,27,'Beattyborough','2020-10-25 13:51:00','2020-10-25 13:54:42'),(52,60,'Watsicaview','2020-10-25 13:51:00','2020-10-25 13:54:42'),(53,56,'East Raulland','2020-10-25 13:51:00','2020-10-25 13:54:42'),(54,19,'Jessmouth','2020-10-25 13:51:00','2020-10-25 13:54:42'),(55,8,'Sengerport','2020-10-25 13:51:00','2020-10-25 13:54:42'),(56,63,'South Raina','2020-10-25 13:51:00','2020-10-25 13:54:42'),(57,47,'Hayeschester','2020-10-25 13:51:00','2020-10-25 13:54:42'),(58,44,'Harberburgh','2020-10-25 13:51:00','2020-10-25 13:54:42'),(59,1,'Deonteland','2020-10-25 13:51:00','2020-10-25 13:54:42'),(60,31,'Lake Elsie','2020-10-25 13:51:00','2020-10-25 13:54:42'),(61,72,'South Elvieborough','2020-10-25 13:51:00','2020-10-25 13:54:42'),(62,24,'North Kalliebury','2020-10-25 13:51:00','2020-10-25 13:54:42'),(63,66,'Port Augustine','2020-10-25 13:51:00','2020-10-25 13:54:42'),(64,14,'Jodyfort','2020-10-25 13:51:00','2020-10-25 13:54:42'),(65,34,'South Mckayla','2020-10-25 13:51:00','2020-10-25 13:54:42'),(66,47,'Kaseyland','2020-10-25 13:51:00','2020-10-25 13:54:42'),(67,49,'New Theresatown','2020-10-25 13:51:00','2020-10-25 13:54:42'),(68,24,'Port Ethelberg','2020-10-25 13:51:00','2020-10-25 13:54:42'),(69,55,'Beierport','2020-10-25 13:51:00','2020-10-25 13:54:42'),(70,38,'South Briana','2020-10-25 13:51:00','2020-10-25 13:54:42'),(71,26,'South Schuyler','2020-10-25 13:51:00','2020-10-25 13:54:42'),(72,16,'West Janetland','2020-10-25 13:51:00','2020-10-25 13:54:42'),(73,1,'Bechtelarchester','2020-10-25 13:51:00','2020-10-25 13:54:42'),(74,36,'East Justice','2020-10-25 13:51:00','2020-10-25 13:54:42'),(75,14,'Schmitthaven','2020-10-25 13:51:00','2020-10-25 13:54:42'),(76,42,'Rippinmouth','2020-10-25 13:51:00','2020-10-25 13:54:42'),(77,6,'Nellamouth','2020-10-25 13:51:00','2020-10-25 13:54:42'),(78,66,'West Alia','2020-10-25 13:51:00','2020-10-25 13:54:42'),(79,70,'Rueckerstad','2020-10-25 13:51:00','2020-10-25 13:54:42'),(80,68,'New Catalina','2020-10-25 13:51:00','2020-10-25 13:54:42'),(81,48,'Lake Cassiebury','2020-10-25 13:51:00','2020-10-25 13:54:42'),(82,37,'North Brett','2020-10-25 13:51:00','2020-10-25 13:54:42'),(83,40,'Port Francescostad','2020-10-25 13:51:00','2020-10-25 13:54:42'),(84,7,'Naderland','2020-10-25 13:51:00','2020-10-25 13:54:42'),(85,77,'East Deanna','2020-10-25 13:51:00','2020-10-25 13:54:42'),(86,41,'New Grayceton','2020-10-25 13:51:00','2020-10-25 13:54:42'),(87,53,'Lake Delia','2020-10-25 13:51:00','2020-10-25 13:54:42'),(88,61,'New Cordelia','2020-10-25 13:51:00','2020-10-25 13:54:42'),(89,64,'North Carey','2020-10-25 13:51:00','2020-10-25 13:54:42'),(90,55,'Lake Callieview','2020-10-25 13:51:00','2020-10-25 13:54:42'),(91,1,'West Marisa','2020-10-25 13:51:00','2020-10-25 13:54:42'),(92,81,'Alisaport','2020-10-25 13:51:00','2020-10-25 13:54:42'),(93,81,'North Geraldbury','2020-10-25 13:51:00','2020-10-25 13:54:42'),(94,78,'North Trent','2020-10-25 13:51:00','2020-10-25 13:54:42'),(95,67,'North Isacberg','2020-10-25 13:51:00','2020-10-25 13:54:42'),(96,20,'Geraldfurt','2020-10-25 13:51:00','2020-10-25 13:54:42'),(97,59,'Lake Madyson','2020-10-25 13:51:00','2020-10-25 13:54:42'),(98,72,'Lake Darrion','2020-10-25 13:51:00','2020-10-25 13:54:42'),(99,20,'Lake Mina','2020-10-25 13:51:00','2020-10-25 13:54:42'),(100,47,'West Gonzaloside','2020-10-25 13:51:00','2020-10-25 13:54:42');
/*!40000 ALTER TABLE `cities` ENABLE KEYS */;
UNLOCK TABLES;

--
-- Table structure for table `comments`
--

DROP TABLE IF EXISTS `comments`;
/*!40101 SET @saved_cs_client     = @@character_set_client */;
/*!50503 SET character_set_client = utf8mb4 */;
CREATE TABLE `comments` (
  `body` text,
  `id` int unsigned NOT NULL AUTO_INCREMENT,
  `created_at` datetime DEFAULT CURRENT_TIMESTAMP,
  `to_user_id` bigint unsigned NOT NULL,
  `to_media_id` bigint unsigned DEFAULT NULL,
  `to_photo_id` bigint unsigned DEFAULT NULL,
  PRIMARY KEY (`id`)
) ENGINE=InnoDB DEFAULT CHARSET=utf8mb4 COLLATE=utf8mb4_0900_ai_ci;
/*!40101 SET character_set_client = @saved_cs_client */;

--
-- Dumping data for table `comments`
--

LOCK TABLES `comments` WRITE;
/*!40000 ALTER TABLE `comments` DISABLE KEYS */;
/*!40000 ALTER TABLE `comments` ENABLE KEYS */;
UNLOCK TABLES;

--
-- Table structure for table `communities`
--

DROP TABLE IF EXISTS `communities`;
/*!40101 SET @saved_cs_client     = @@character_set_client */;
/*!50503 SET character_set_client = utf8mb4 */;
CREATE TABLE `communities` (
  `id` int unsigned NOT NULL AUTO_INCREMENT COMMENT '╨Ш╨┤╨╡╨╜╤В╨╕╤Д╨╕╨║╨░╤В╨╛╤А ╤Б╤А╨╛╨║╨╕',
  `name` varchar(150) CHARACTER SET utf8 COLLATE utf8_unicode_ci NOT NULL COMMENT '╨Э╨░╨╖╨▓╨░╨╜╨╕╨╡ ╨│╤А╤Г╨┐╨┐╤Л',
  `created_at` datetime DEFAULT CURRENT_TIMESTAMP COMMENT '╨Т╤А╨╡╨╝╤П ╤Б╨╛╨╖╨┤╨░╨╜╨╕╤П ╤Б╤В╤А╨╛╨║╨╕',
  `updated_at` datetime DEFAULT CURRENT_TIMESTAMP ON UPDATE CURRENT_TIMESTAMP COMMENT '╨Т╤А╨╡╨╝╤П ╨╛╨▒╨╜╨╛╨▓╨╗╨╡╨╜╨╕╤П ╤Б╤В╤А╨╛╨║╨╕',
  PRIMARY KEY (`id`),
  UNIQUE KEY `name` (`name`)
) ENGINE=InnoDB AUTO_INCREMENT=101 DEFAULT CHARSET=utf8 COLLATE=utf8_unicode_ci COMMENT='╨У╤А╤Г╨┐╨┐╤Л';
/*!40101 SET character_set_client = @saved_cs_client */;

--
-- Dumping data for table `communities`
--

LOCK TABLES `communities` WRITE;
/*!40000 ALTER TABLE `communities` DISABLE KEYS */;
INSERT INTO `communities` VALUES (1,'veritatis','2003-09-13 04:37:44','1972-02-28 22:06:39'),(2,'quas','1990-11-02 12:25:46','1988-07-06 02:28:12'),(3,'provident','1973-02-10 04:25:31','2019-01-01 23:38:59'),(4,'ullam','1973-09-22 18:14:38','2009-10-01 03:37:59'),(5,'qui','1972-08-23 04:54:42','1984-05-04 20:41:30'),(6,'mollitia','2000-09-14 15:00:37','1978-10-24 08:50:24'),(7,'tempora','1970-06-18 22:29:03','2018-05-07 04:22:23'),(8,'cum','1981-01-30 11:08:05','1984-04-10 10:13:10'),(9,'autem','1977-12-25 20:34:00','1996-01-25 08:09:34'),(10,'atque','1990-03-21 20:20:08','1987-06-11 07:53:02'),(11,'ratione','1996-04-11 04:36:28','2008-09-14 00:31:36'),(12,'aut','1983-12-06 16:46:50','2001-04-15 20:54:26'),(13,'id','2013-10-08 18:16:20','2012-10-18 10:19:34'),(14,'inventore','2003-12-25 07:30:07','1992-03-26 22:17:00'),(15,'sit','1979-05-26 13:29:43','1990-01-05 07:59:15'),(16,'facilis','1986-04-01 14:34:56','2000-08-26 05:53:34'),(17,'nihil','1974-12-19 13:13:51','1988-08-18 18:46:44'),(18,'repellat','1971-06-16 20:56:31','2011-10-20 08:52:32'),(19,'voluptates','1980-06-02 12:24:45','1985-09-07 07:28:08'),(20,'corrupti','1971-05-05 21:40:27','2018-09-23 03:43:23'),(21,'labore','2003-03-28 00:53:24','2007-01-27 02:09:30'),(22,'quis','1972-10-06 01:53:11','2005-02-24 16:16:35'),(23,'nesciunt','2012-11-16 07:28:34','1973-08-22 12:13:25'),(24,'est','2001-01-20 06:50:10','2015-03-10 11:17:12'),(25,'placeat','1985-03-18 11:04:29','2014-06-17 21:00:16');
/*!40000 ALTER TABLE `communities` ENABLE KEYS */;
UNLOCK TABLES;

--
-- Table structure for table `communities_users`
--

DROP TABLE IF EXISTS `communities_users`;
/*!40101 SET @saved_cs_client     = @@character_set_client */;
/*!50503 SET character_set_client = utf8mb4 */;
CREATE TABLE `communities_users` (
  `community_id` int unsigned NOT NULL COMMENT '╨б╤Б╤Л╨╗╨║╨░ ╨╜╨░ ╨│╤А╤Г╨┐╨┐╤Г',
  `user_id` int unsigned NOT NULL COMMENT '╨б╤Б╤Л╨╗╨║╨░ ╨╜╨░ ╨┐╨╛╨╗╤М╨╖╨╛╨▓╨░╤В╨╡╨╗╤П',
  `created_at` datetime DEFAULT CURRENT_TIMESTAMP COMMENT '╨Т╤А╨╡╨╝╤П ╤Б╨╛╨╖╨┤╨░╨╜╨╕╤П ╤Б╤В╤А╨╛╨║╨╕',
  PRIMARY KEY (`community_id`,`user_id`) COMMENT '╨б╨╛╤Б╤В╨░╨▓╨╜╨╛╨╣ ╨┐╨╡╤А╨▓╨╕╤З╨╜╤Л╨╣ ╨║╨╗╤О╤З',
  KEY `communities_users_user_id_fk` (`user_id`),
  CONSTRAINT `communities_users_community_id_fk` FOREIGN KEY (`community_id`) REFERENCES `communities` (`id`),
  CONSTRAINT `communities_users_user_id_fk` FOREIGN KEY (`user_id`) REFERENCES `users` (`id`)
) ENGINE=InnoDB DEFAULT CHARSET=utf8 COLLATE=utf8_unicode_ci COMMENT='╨г╤З╨░╤Б╤В╨╜╨╕╨║╨╕ ╨│╤А╤Г╨┐╨┐, ╤Б╨▓╤П╨╖╤М ╨╝╨╡╨╢╨┤╤Г ╨┐╨╛╨╗╤М╨╖╨╛╨▓╨░╤В╨╡╨╗╤П╨╝╨╕ ╨╕ ╨│╤А╤Г╨┐╨┐╨░╨╝╨╕';
/*!40101 SET character_set_client = @saved_cs_client */;

--
-- Dumping data for table `communities_users`
--

LOCK TABLES `communities_users` WRITE;
/*!40000 ALTER TABLE `communities_users` DISABLE KEYS */;
INSERT INTO `communities_users` VALUES (1,1,'1993-03-25 22:05:57'),(1,13,'1986-04-15 15:43:26'),(1,21,'2009-07-04 16:18:13'),(1,42,'2017-06-27 01:51:51'),(1,58,'1977-05-04 22:39:00'),(1,75,'1982-01-26 01:33:33'),(2,7,'1976-05-02 02:41:33'),(2,44,'1989-11-21 16:44:28'),(2,54,'1987-06-29 23:16:49'),(3,17,'2012-02-29 17:43:16'),(3,19,'1986-11-30 11:43:08'),(3,35,'2000-02-15 02:47:18'),(3,92,'2008-11-07 22:58:15'),(4,9,'2010-09-01 23:26:22'),(4,10,'1999-04-20 11:44:08'),(4,48,'2013-01-09 09:21:39'),(4,67,'2015-06-12 13:30:53'),(5,46,'2017-03-25 21:27:58'),(6,11,'1981-06-02 22:34:07'),(6,15,'1998-05-25 23:21:31'),(6,64,'2003-03-11 15:19:24'),(6,91,'1973-09-17 17:56:21'),(6,99,'2005-04-13 20:37:42'),(7,25,'2014-05-10 01:45:00'),(7,73,'1984-10-30 11:12:49'),(7,83,'2015-11-27 14:40:32'),(8,65,'1985-07-02 17:55:58'),(8,69,'1996-07-28 08:03:06'),(9,31,'1973-05-09 19:32:07'),(9,68,'1986-09-21 00:20:30'),(9,90,'1985-08-05 09:17:47'),(10,29,'2002-04-23 00:34:12'),(10,55,'1999-01-02 02:37:55'),(10,78,'1975-09-13 11:42:51'),(10,80,'2020-03-28 19:31:11'),(10,98,'1975-06-18 08:00:10'),(11,5,'1983-02-09 12:37:42'),(11,57,'1992-04-29 07:27:48'),(12,6,'2015-12-31 05:25:05'),(12,62,'2010-02-17 20:55:00'),(12,96,'1999-12-11 11:11:47'),(13,22,'1994-05-06 19:11:58'),(13,23,'1988-03-29 16:17:47'),(13,26,'2002-09-02 04:27:09'),(13,45,'1999-06-18 23:37:50'),(13,84,'1972-03-12 18:51:34'),(13,89,'2003-08-11 20:16:07'),(14,16,'1978-02-24 04:46:44'),(14,34,'1977-01-20 04:05:41'),(14,47,'2004-11-08 19:44:11'),(14,70,'1986-08-27 07:42:22'),(14,97,'1997-10-23 07:23:01'),(15,50,'1970-12-01 12:31:37'),(15,95,'2007-04-21 18:27:29'),(16,27,'1974-06-26 22:09:12'),(16,43,'1998-10-04 14:59:41'),(17,28,'1974-02-22 09:49:56'),(18,40,'1992-06-16 18:03:03'),(18,56,'2008-08-02 17:13:59'),(18,71,'2017-09-20 09:49:51'),(18,79,'2003-10-05 17:28:05'),(18,85,'1984-12-26 11:38:12'),(19,12,'1977-03-12 04:10:29'),(19,76,'1993-05-10 01:19:00'),(19,77,'1987-11-29 21:56:12'),(19,87,'1974-08-09 11:03:48'),(19,88,'1986-12-27 03:16:18'),(20,59,'2006-03-09 14:35:40'),(20,61,'2015-03-03 01:22:10'),(20,66,'1998-12-21 11:31:28'),(20,74,'2001-11-29 23:03:07'),(21,36,'1978-10-22 05:00:41'),(21,41,'1990-02-04 21:38:45'),(21,60,'2000-08-18 03:34:57'),(21,81,'1977-11-25 20:21:01'),(21,93,'1980-02-05 11:08:01'),(21,94,'1985-06-13 02:08:28'),(22,4,'1993-05-18 21:18:56'),(22,8,'2013-11-13 12:00:04'),(22,14,'2001-09-30 10:08:17'),(22,20,'1978-02-19 15:46:40'),(22,72,'2015-02-26 08:44:23'),(23,18,'1974-06-29 17:47:07'),(23,30,'2010-05-05 08:03:47'),(23,33,'1994-08-12 17:40:28'),(23,37,'2005-04-28 10:26:26'),(23,38,'2010-01-14 06:12:34'),(23,39,'2015-05-13 10:54:41'),(23,63,'2011-04-23 06:43:53'),(24,24,'2006-12-07 17:58:00'),(24,51,'2013-03-09 00:59:18'),(24,82,'2004-11-09 12:54:05'),(24,86,'1987-06-11 18:59:08'),(25,2,'1975-01-27 05:57:26'),(25,3,'2005-06-03 03:22:52'),(25,32,'1997-03-01 06:56:31'),(25,49,'1997-11-08 23:29:56'),(25,52,'2003-09-16 14:25:52'),(25,53,'1995-03-19 16:13:59'),(25,100,'1989-11-10 01:46:53');
/*!40000 ALTER TABLE `communities_users` ENABLE KEYS */;
UNLOCK TABLES;

--
-- Table structure for table `company_profail`
--

DROP TABLE IF EXISTS `company_profail`;
/*!40101 SET @saved_cs_client     = @@character_set_client */;
/*!50503 SET character_set_client = utf8mb4 */;
CREATE TABLE `company_profail` (
  `company_id` bigint unsigned NOT NULL AUTO_INCREMENT,
  `company_name` varchar(100) DEFAULT NULL,
  `company_description` longtext,
  `company_adres` varchar(300) DEFAULT NULL,
  `company_created` date DEFAULT NULL,
  `company_contacts` json DEFAULT NULL,
  UNIQUE KEY `company_id` (`company_id`)
) ENGINE=InnoDB DEFAULT CHARSET=utf8mb4 COLLATE=utf8mb4_0900_ai_ci;
/*!40101 SET character_set_client = @saved_cs_client */;

--
-- Dumping data for table `company_profail`
--

LOCK TABLES `company_profail` WRITE;
/*!40000 ALTER TABLE `company_profail` DISABLE KEYS */;
/*!40000 ALTER TABLE `company_profail` ENABLE KEYS */;
UNLOCK TABLES;

--
-- Table structure for table `countries`
--

DROP TABLE IF EXISTS `countries`;
/*!40101 SET @saved_cs_client     = @@character_set_client */;
/*!50503 SET character_set_client = utf8mb4 */;
CREATE TABLE `countries` (
  `id` int unsigned NOT NULL AUTO_INCREMENT COMMENT 'Идентификатор строки',
  `name` varchar(50) NOT NULL COMMENT 'Название страны',
  `created_at` datetime DEFAULT CURRENT_TIMESTAMP COMMENT 'Время создания строки',
  `updated_at` datetime DEFAULT CURRENT_TIMESTAMP ON UPDATE CURRENT_TIMESTAMP COMMENT 'Время обновления строки',
  PRIMARY KEY (`id`),
  UNIQUE KEY `name` (`name`)
) ENGINE=InnoDB AUTO_INCREMENT=82 DEFAULT CHARSET=utf8mb4 COLLATE=utf8mb4_0900_ai_ci COMMENT='Список стран';
/*!40101 SET character_set_client = @saved_cs_client */;

--
-- Dumping data for table `countries`
--

LOCK TABLES `countries` WRITE;
/*!40000 ALTER TABLE `countries` DISABLE KEYS */;
INSERT INTO `countries` VALUES (1,'Cyprus','2020-10-25 13:53:17','2020-10-25 13:53:17'),(2,'Cook Islands','2020-10-25 13:53:17','2020-10-25 13:53:17'),(3,'Nepal','2020-10-25 13:53:17','2020-10-25 13:53:17'),(4,'Italy','2020-10-25 13:53:17','2020-10-25 13:53:17'),(5,'Cameroon','2020-10-25 13:53:17','2020-10-25 13:53:17'),(6,'Ethiopia','2020-10-25 13:53:17','2020-10-25 13:53:17'),(7,'San Marino','2020-10-25 13:53:17','2020-10-25 13:53:17'),(8,'Saint Helena','2020-10-25 13:53:17','2020-10-25 13:53:17'),(9,'Macao','2020-10-25 13:53:17','2020-10-25 13:53:17'),(10,'Greece','2020-10-25 13:53:17','2020-10-25 13:53:17'),(11,'Brunei Darussalam','2020-10-25 13:53:17','2020-10-25 13:53:17'),(12,'Liberia','2020-10-25 13:53:17','2020-10-25 13:53:17'),(13,'Vanuatu','2020-10-25 13:53:17','2020-10-25 13:53:17'),(14,'Guernsey','2020-10-25 13:53:17','2020-10-25 13:53:17'),(15,'Kazakhstan','2020-10-25 13:53:17','2020-10-25 13:53:17'),(16,'Eritrea','2020-10-25 13:53:17','2020-10-25 13:53:17'),(17,'Marshall Islands','2020-10-25 13:53:17','2020-10-25 13:53:17'),(18,'Serbia','2020-10-25 13:53:17','2020-10-25 13:53:17'),(19,'United States of America','2020-10-25 13:53:17','2020-10-25 13:53:17'),(20,'Cuba','2020-10-25 13:53:17','2020-10-25 13:53:17'),(21,'Western Sahara','2020-10-25 13:53:17','2020-10-25 13:53:17'),(22,'Benin','2020-10-25 13:53:17','2020-10-25 13:53:17'),(23,'Falkland Islands (Malvinas)','2020-10-25 13:53:17','2020-10-25 13:53:17'),(24,'Bangladesh','2020-10-25 13:53:17','2020-10-25 13:53:17'),(25,'Saint Martin','2020-10-25 13:53:17','2020-10-25 13:53:17'),(26,'Jordan','2020-10-25 13:53:17','2020-10-25 13:53:17'),(27,'Belarus','2020-10-25 13:53:17','2020-10-25 13:53:17'),(28,'Peru','2020-10-25 13:53:17','2020-10-25 13:53:17'),(29,'Afghanistan','2020-10-25 13:53:17','2020-10-25 13:53:17'),(30,'Gibraltar','2020-10-25 13:53:17','2020-10-25 13:53:17'),(31,'Romania','2020-10-25 13:53:17','2020-10-25 13:53:17'),(32,'Micronesia','2020-10-25 13:53:17','2020-10-25 13:53:17'),(33,'Mongolia','2020-10-25 13:53:17','2020-10-25 13:53:17'),(34,'Hungary','2020-10-25 13:53:17','2020-10-25 13:53:17'),(35,'Suriname','2020-10-25 13:53:17','2020-10-25 13:53:17'),(36,'Croatia','2020-10-25 13:53:17','2020-10-25 13:53:17'),(37,'Czech Republic','2020-10-25 13:53:17','2020-10-25 13:53:17'),(38,'Comoros','2020-10-25 13:53:17','2020-10-25 13:53:17'),(39,'Gambia','2020-10-25 13:53:17','2020-10-25 13:53:17'),(40,'Svalbard & Jan Mayen Islands','2020-10-25 13:53:17','2020-10-25 13:53:17'),(41,'Hong Kong','2020-10-25 13:53:17','2020-10-25 13:53:17'),(42,'Nauru','2020-10-25 13:53:17','2020-10-25 13:53:17'),(43,'Kyrgyz Republic','2020-10-25 13:53:17','2020-10-25 13:53:17'),(44,'Estonia','2020-10-25 13:53:17','2020-10-25 13:53:17'),(45,'Pakistan','2020-10-25 13:53:17','2020-10-25 13:53:17'),(46,'Kiribati','2020-10-25 13:53:17','2020-10-25 13:53:17'),(47,'Mozambique','2020-10-25 13:53:17','2020-10-25 13:53:17'),(48,'Finland','2020-10-25 13:53:17','2020-10-25 13:53:17'),(49,'Turks and Caicos Islands','2020-10-25 13:53:17','2020-10-25 13:53:17'),(50,'Fiji','2020-10-25 13:53:17','2020-10-25 13:53:17'),(51,'Guam','2020-10-25 13:53:17','2020-10-25 13:53:17'),(52,'Saint Vincent and the Grenadines','2020-10-25 13:53:17','2020-10-25 13:53:17'),(53,'Christmas Island','2020-10-25 13:53:17','2020-10-25 13:53:17'),(54,'Dominica','2020-10-25 13:53:17','2020-10-25 13:53:17'),(55,'Netherlands','2020-10-25 13:53:17','2020-10-25 13:53:17'),(56,'Israel','2020-10-25 13:53:17','2020-10-25 13:53:17'),(57,'Tunisia','2020-10-25 13:53:17','2020-10-25 13:53:17'),(58,'Tanzania','2020-10-25 13:53:17','2020-10-25 13:53:17'),(59,'Guinea-Bissau','2020-10-25 13:53:17','2020-10-25 13:53:17'),(60,'Paraguay','2020-10-25 13:53:17','2020-10-25 13:53:17'),(61,'China','2020-10-25 13:53:17','2020-10-25 13:53:17'),(62,'Taiwan','2020-10-25 13:53:17','2020-10-25 13:53:17'),(63,'Honduras','2020-10-25 13:53:17','2020-10-25 13:53:17'),(64,'Aruba','2020-10-25 13:53:17','2020-10-25 13:53:17'),(65,'Austria','2020-10-25 13:53:17','2020-10-25 13:53:17'),(66,'Montserrat','2020-10-25 13:53:17','2020-10-25 13:53:17'),(67,'Bahamas','2020-10-25 13:53:17','2020-10-25 13:53:17'),(68,'Belgium','2020-10-25 13:53:17','2020-10-25 13:53:17'),(69,'Nigeria','2020-10-25 13:53:17','2020-10-25 13:53:17'),(70,'Antarctica (the territory South of 60 deg S)','2020-10-25 13:53:17','2020-10-25 13:53:17'),(71,'Albania','2020-10-25 13:53:17','2020-10-25 13:53:17'),(72,'Morocco','2020-10-25 13:53:17','2020-10-25 13:53:17'),(73,'Costa Rica','2020-10-25 13:53:17','2020-10-25 13:53:17'),(74,'Korea','2020-10-25 13:53:17','2020-10-25 13:53:17'),(75,'Latvia','2020-10-25 13:53:17','2020-10-25 13:53:17'),(76,'Netherlands Antilles','2020-10-25 13:53:17','2020-10-25 13:53:17'),(77,'Trinidad and Tobago','2020-10-25 13:53:17','2020-10-25 13:53:17'),(78,'New Caledonia','2020-10-25 13:53:17','2020-10-25 13:53:17'),(79,'Saudi Arabia','2020-10-25 13:53:17','2020-10-25 13:53:17'),(80,'Guyana','2020-10-25 13:53:17','2020-10-25 13:53:17'),(81,'Philippines','2020-10-25 13:53:17','2020-10-25 13:53:17');
/*!40000 ALTER TABLE `countries` ENABLE KEYS */;
UNLOCK TABLES;

--
-- Table structure for table `friendship_statuses`
--

DROP TABLE IF EXISTS `friendship_statuses`;
/*!40101 SET @saved_cs_client     = @@character_set_client */;
/*!50503 SET character_set_client = utf8mb4 */;
CREATE TABLE `friendship_statuses` (
  `id` int unsigned NOT NULL AUTO_INCREMENT COMMENT '╨Ш╨┤╨╡╨╜╤В╨╕╤Д╨╕╨║╨░╤В╨╛╤А ╤Б╤В╤А╨╛╨║╨╕',
  `name` varchar(150) CHARACTER SET utf8 COLLATE utf8_unicode_ci NOT NULL COMMENT '╨Э╨░╨╖╨▓╨░╨╜╨╕╨╡ ╤Б╤В╨░╤В╤Г╤Б╨░',
  `created_at` datetime DEFAULT CURRENT_TIMESTAMP COMMENT '╨Т╤А╨╡╨╝╤П ╤Б╨╛╨╖╨┤╨░╨╜╨╕╤П ╤Б╤В╤А╨╛╨║╨╕',
  `updated_at` datetime DEFAULT CURRENT_TIMESTAMP ON UPDATE CURRENT_TIMESTAMP COMMENT '╨Т╤А╨╡╨╝╤П ╨╛╨▒╨╜╨╛╨▓╨╗╨╡╨╜╨╕╤П ╤Б╤В╤А╨╛╨║╨╕',
  PRIMARY KEY (`id`),
  UNIQUE KEY `name` (`name`)
) ENGINE=InnoDB AUTO_INCREMENT=4 DEFAULT CHARSET=utf8 COLLATE=utf8_unicode_ci COMMENT='╨б╤В╨░╤В╤Г╤Б╤Л ╨┤╤А╤Г╨╢╨▒╤Л';
/*!40101 SET character_set_client = @saved_cs_client */;

--
-- Dumping data for table `friendship_statuses`
--

LOCK TABLES `friendship_statuses` WRITE;
/*!40000 ALTER TABLE `friendship_statuses` DISABLE KEYS */;
INSERT INTO `friendship_statuses` VALUES (1,'Requested','2020-10-25 16:21:00','2020-10-25 16:21:00'),(2,'Confirmed','2020-10-25 16:21:00','2020-10-25 16:21:00'),(3,'Rejected','2020-10-25 16:21:00','2020-10-25 16:21:00');
/*!40000 ALTER TABLE `friendship_statuses` ENABLE KEYS */;
UNLOCK TABLES;

--
-- Table structure for table `friendships`
--

DROP TABLE IF EXISTS `friendships`;
/*!40101 SET @saved_cs_client     = @@character_set_client */;
/*!50503 SET character_set_client = utf8mb4 */;
CREATE TABLE `friendships` (
  `user_id` int unsigned NOT NULL COMMENT '╨б╤Б╤Л╨╗╨║╨░ ╨╜╨░ ╨╕╨╜╨╕╤Ж╨╕╨░╤В╨╛╤А╨░ ╨┤╤А╤Г╨╢╨╡╤Б╨║╨╕╤Е ╨╛╤В╨╜╨╛╤И╨╡╨╜╨╕╨╣',
  `friend_id` int unsigned NOT NULL COMMENT '╨б╤Б╤Л╨╗╨║╨░ ╨╜╨░ ╨┐╨╛╨╗╤Г╤З╨░╤В╨╡╨╗╤П ╨┐╤А╨╕╨│╨╗╨░╤И╨╡╨╜╨╕╤П ╨┤╤А╤Г╨╢╨╕╤В╤М',
  `status_id` int unsigned DEFAULT NULL,
  `requested_at` datetime DEFAULT CURRENT_TIMESTAMP COMMENT '╨Т╤А╨╡╨╝╤П ╨╛╤В╨┐╤А╨░╨▓╨╗╨╡╨╜╨╕╤П ╨┐╤А╨╕╨│╨╗╨░╤И╨╡╨╜╨╕╤П ╨┤╤А╤Г╨╢╨╕╤В╤М',
  `confirmed_at` datetime DEFAULT NULL COMMENT '╨Т╤А╨╡╨╝╤П ╨┐╨╛╨┤╤В╨▓╨╡╤А╨╢╨┤╨╡╨╜╨╕╤П ╨┐╤А╨╕╨│╨╗╨░╤И╨╡╨╜╨╕╤П',
  `created_at` datetime DEFAULT CURRENT_TIMESTAMP COMMENT '╨Т╤А╨╡╨╝╤П ╤Б╨╛╨╖╨┤╨░╨╜╨╕╤П ╤Б╤В╤А╨╛╨║╨╕',
  `updated_at` datetime DEFAULT CURRENT_TIMESTAMP ON UPDATE CURRENT_TIMESTAMP COMMENT '╨Т╤А╨╡╨╝╤П ╨╛╨▒╨╜╨╛╨▓╨╗╨╡╨╜╨╕╤П ╤Б╤В╤А╨╛╨║╨╕',
  PRIMARY KEY (`user_id`,`friend_id`) COMMENT '╨б╨╛╤Б╤В╨░╨▓╨╜╨╛╨╣ ╨┐╨╡╤А╨▓╨╕╤З╨╜╤Л╨╣ ╨║╨╗╤О╤З',
  KEY `friendships_friend_id_fk` (`friend_id`),
  KEY `friendships_status_id_fk` (`status_id`),
  CONSTRAINT `friendships_friend_id_fk` FOREIGN KEY (`friend_id`) REFERENCES `users` (`id`),
  CONSTRAINT `friendships_status_id_fk` FOREIGN KEY (`status_id`) REFERENCES `friendship_statuses` (`id`) ON DELETE SET NULL,
  CONSTRAINT `friendships_user_id_fk` FOREIGN KEY (`user_id`) REFERENCES `users` (`id`)
) ENGINE=InnoDB DEFAULT CHARSET=utf8 COLLATE=utf8_unicode_ci COMMENT='╨в╨░╨▒╨╗╨╕╤Ж╨░ ╨┤╤А╤Г╨╢╨▒╤Л';
/*!40101 SET character_set_client = @saved_cs_client */;

--
-- Dumping data for table `friendships`
--

LOCK TABLES `friendships` WRITE;
/*!40000 ALTER TABLE `friendships` DISABLE KEYS */;
INSERT INTO `friendships` VALUES (1,92,2,'1986-02-10 16:53:05','1981-12-29 12:34:16','2009-01-12 04:45:20','2020-10-25 16:21:24'),(5,8,1,'1998-03-17 14:10:16','1982-07-03 11:06:24','1996-03-20 14:59:48','2020-10-25 16:21:24'),(5,62,1,'1992-10-18 16:54:59','1996-02-05 00:24:39','2016-02-21 14:45:10','2020-10-25 16:21:24'),(6,70,1,'2014-03-23 23:59:22','2008-11-06 05:07:37','2008-09-25 07:26:09','2020-10-25 16:21:24'),(8,6,1,'2006-01-05 01:29:37','1996-02-27 07:09:15','1980-04-08 09:35:26','2020-10-25 16:21:24'),(8,36,3,'2010-04-21 09:20:51','1989-11-01 14:46:31','1970-11-14 23:36:41','2020-10-25 16:21:24'),(8,39,1,'1977-07-29 04:51:39','1994-06-10 18:07:21','2013-12-05 07:44:38','2020-10-25 16:21:24'),(8,77,3,'1999-09-26 05:17:53','1986-05-16 20:29:29','1990-05-08 11:59:39','2020-10-25 16:21:24'),(9,31,3,'1985-09-15 13:53:28','2014-01-23 08:41:11','2017-05-12 17:38:43','2020-10-25 16:21:24'),(12,67,1,'2006-03-16 19:38:41','1989-08-14 04:10:19','1977-05-01 10:10:17','2020-10-25 16:21:24'),(14,5,2,'2004-02-07 03:05:10','1978-02-25 07:40:27','2012-08-16 05:26:06','2020-10-25 16:21:24'),(14,28,3,'1999-10-19 15:20:04','1974-05-11 18:16:55','1979-01-10 08:45:29','2020-10-25 16:21:24'),(15,65,3,'2010-06-09 12:04:08','2000-01-13 16:17:28','2001-12-26 14:02:26','2020-10-25 16:21:24'),(16,4,3,'1971-12-25 04:52:20','1991-12-27 14:48:48','2009-10-01 21:05:17','2020-10-25 16:21:24'),(19,68,2,'1973-02-05 03:11:09','1995-01-20 13:09:47','1975-03-09 13:05:24','2020-10-25 16:21:24'),(20,39,1,'2005-07-24 11:52:52','1974-06-18 07:47:49','1988-09-24 03:51:29','2020-10-25 16:21:24'),(20,55,3,'1995-12-31 02:29:15','1985-02-16 17:54:13','2016-01-06 07:38:31','2020-10-25 16:21:24'),(21,54,3,'2020-06-23 23:26:37','1980-01-27 16:39:49','2004-12-24 22:46:03','2020-10-25 16:21:24'),(22,26,2,'1976-02-10 15:46:27','1982-11-25 09:41:24','2010-01-12 04:25:09','2020-10-25 16:21:24'),(22,47,3,'1973-07-24 10:13:45','2019-05-21 03:40:00','2014-05-26 15:08:26','2020-10-25 16:14:52'),(23,79,3,'2000-06-01 03:20:41','1972-07-10 03:26:08','1974-10-07 20:19:22','2020-10-25 16:21:24'),(24,87,1,'2000-10-18 20:30:06','2003-07-30 05:50:39','1986-05-25 14:16:31','2020-10-25 16:21:24'),(24,94,3,'1974-05-29 07:25:17','1993-05-13 07:16:37','1980-06-30 17:54:12','2020-10-25 16:21:24'),(25,5,3,'1993-08-19 08:11:32','2001-07-01 17:54:08','1985-06-20 04:12:23','2020-10-25 16:21:24'),(26,93,3,'1993-05-19 07:42:31','2012-07-29 05:32:44','1970-08-03 13:58:55','2020-10-25 16:21:24'),(29,30,2,'2020-10-09 01:43:20','2008-05-26 19:15:53','2007-12-06 19:50:07','2020-10-25 16:21:24'),(29,50,2,'2014-07-07 23:26:29','2010-02-22 12:27:28','1994-07-01 22:57:10','2020-10-25 16:21:24'),(29,76,1,'1977-01-26 01:25:26','1975-07-26 08:35:14','1981-04-14 11:28:23','2020-10-25 16:21:24'),(31,20,2,'1988-04-06 04:50:08','1995-09-12 06:16:35','1981-02-05 03:55:14','2020-10-25 16:21:24'),(31,42,2,'1996-12-01 15:41:30','1975-03-26 16:15:06','1994-01-23 13:25:09','2020-10-25 16:21:24'),(33,39,3,'2000-09-29 12:21:09','2003-05-02 05:20:53','1982-07-14 04:30:18','2020-10-25 16:21:24'),(34,53,3,'1987-02-06 15:54:45','1999-12-18 19:54:45','1977-03-05 20:57:07','2020-10-25 16:21:24'),(37,40,2,'1977-09-04 23:49:31','1973-12-16 03:15:20','1982-10-19 10:20:06','2020-10-25 16:21:24'),(37,64,3,'1995-07-24 23:02:48','1987-05-17 23:45:35','2004-11-28 04:31:41','2020-10-25 16:21:24'),(39,4,2,'2017-08-21 07:42:02','1980-09-21 03:53:21','2007-08-06 00:42:38','2020-10-25 16:21:24'),(40,33,2,'1972-12-13 13:24:09','1998-04-26 07:25:38','2004-06-06 17:56:02','2020-10-25 16:21:24'),(40,97,2,'1984-09-22 19:50:16','1988-01-23 12:56:28','2002-02-11 18:32:36','2020-10-25 16:21:24'),(42,67,2,'2015-08-06 03:08:09','2011-03-07 13:45:32','1970-01-17 17:57:04','2020-10-25 16:21:24'),(43,15,3,'2005-02-03 21:13:17','2009-11-13 18:16:31','2001-02-24 09:22:43','2020-10-25 16:21:24'),(44,77,2,'1974-11-01 14:32:21','2004-09-21 18:04:43','1989-12-18 17:37:05','2020-10-25 16:21:24'),(45,23,2,'1981-10-09 02:10:03','2007-01-02 09:17:49','2007-01-11 23:47:13','2020-10-25 16:21:24'),(46,18,2,'1970-09-26 02:22:35','1976-10-23 16:28:19','2017-01-31 13:39:17','2020-10-25 16:21:24'),(48,71,1,'2007-11-08 04:00:27','2018-08-19 10:26:41','1975-10-05 02:51:08','2020-10-25 16:21:24'),(50,54,3,'1975-02-09 04:59:27','2017-01-21 14:38:35','1984-07-26 12:07:18','2020-10-25 16:21:24'),(50,90,2,'1977-04-22 05:36:38','1973-04-06 09:46:33','2011-02-19 01:23:30','2020-10-25 16:21:24'),(50,94,2,'2000-04-20 15:11:36','1990-12-19 19:31:49','2018-11-21 01:53:34','2020-10-25 16:21:24'),(54,63,3,'2019-02-10 11:13:47','1979-06-02 18:57:20','2005-11-14 07:04:04','2020-10-25 16:21:24'),(54,77,3,'2003-12-10 16:18:42','1996-12-15 20:04:34','1986-08-20 03:27:20','2020-10-25 16:21:24'),(55,35,1,'2014-08-31 21:43:01','1989-05-09 20:04:04','1973-08-13 17:29:56','2020-10-25 16:21:24'),(58,65,3,'2019-06-14 18:28:15','1975-04-11 10:47:05','1971-07-17 00:40:17','2020-10-25 16:21:24'),(59,7,2,'2008-03-17 03:19:22','1998-12-02 18:29:01','1976-07-04 21:21:22','2020-10-25 16:21:24'),(59,15,1,'2017-04-22 05:07:51','1971-02-27 17:35:28','1978-11-30 22:06:13','2020-10-25 16:21:24'),(59,71,1,'2000-11-25 06:19:43','1977-02-16 00:41:51','2007-05-14 23:02:54','2020-10-25 16:21:24'),(60,20,3,'1974-05-26 13:32:27','1984-02-23 05:37:14','2015-10-05 20:57:23','2020-10-25 16:21:24'),(60,43,3,'1988-01-02 19:46:27','1993-03-04 11:37:44','2012-11-18 02:45:34','2020-10-25 16:21:24'),(61,34,2,'1977-02-05 17:07:04','1998-09-18 07:10:10','1988-05-10 18:08:56','2020-10-25 16:21:24'),(62,35,3,'2017-03-19 04:37:52','1987-09-10 16:17:28','1979-05-10 00:54:07','2020-10-25 16:21:24'),(62,87,2,'1984-01-02 23:57:39','2006-09-11 06:54:13','1977-01-19 01:27:24','2020-10-25 16:21:24'),(63,56,2,'1975-12-11 03:00:28','1972-08-03 20:59:31','1989-06-12 15:45:10','2020-10-25 16:21:24'),(63,80,1,'2011-01-15 11:19:02','1987-07-25 15:38:10','1986-01-31 16:28:26','2020-10-25 16:21:24'),(64,45,3,'1975-07-09 09:07:49','2004-04-13 17:34:26','1980-08-16 18:15:46','2020-10-25 16:21:24'),(64,56,3,'2016-05-04 09:28:13','1987-02-24 21:54:34','2001-06-26 20:22:50','2020-10-25 16:21:24'),(64,67,2,'2006-03-10 14:10:42','1976-11-06 02:43:37','2004-08-23 08:26:50','2020-10-25 16:21:24'),(65,20,1,'2011-03-13 21:40:39','1970-04-22 08:07:21','1974-03-19 08:19:07','2020-10-25 16:21:24'),(66,38,3,'1989-02-03 04:39:54','1991-09-02 22:50:50','1981-10-03 11:21:25','2020-10-25 16:21:24'),(66,68,1,'2017-04-09 17:12:05','1975-02-04 03:12:07','1984-04-13 00:51:46','2020-10-25 16:21:24'),(66,84,3,'1983-08-24 17:38:18','1987-04-25 23:36:49','2012-12-25 13:02:49','2020-10-25 16:21:24'),(67,54,1,'1986-09-18 12:17:34','2018-11-28 16:27:27','1982-05-07 05:54:52','2020-10-25 16:21:24'),(69,35,3,'1982-05-24 04:25:01','1984-09-11 05:45:53','2009-05-13 23:49:16','2020-10-25 16:21:24'),(70,7,1,'2017-07-19 23:33:21','1976-01-30 07:24:28','1981-10-11 11:46:48','2020-10-25 16:21:24'),(72,41,1,'2018-06-11 17:33:01','2018-12-03 09:57:19','2014-06-08 14:23:32','2020-10-25 16:21:24'),(77,4,2,'1990-12-17 10:36:06','2005-04-14 06:06:28','2008-02-14 11:05:25','2020-10-25 16:21:24'),(77,18,1,'1985-09-27 12:08:14','1971-04-30 14:13:37','2017-09-23 01:07:20','2020-10-25 16:21:24'),(80,4,1,'1973-03-18 04:10:59','2000-02-29 16:59:18','1990-04-04 06:30:44','2020-10-25 16:21:24'),(80,56,1,'2004-04-15 18:19:38','1974-08-20 22:43:53','2006-07-09 13:22:22','2020-10-25 16:21:24'),(80,88,2,'1978-10-22 21:30:42','2016-01-11 00:44:39','1996-07-31 06:40:44','2020-10-25 16:21:24'),(81,92,3,'2013-05-19 18:03:51','2019-11-25 11:44:26','2008-07-19 13:21:04','2020-10-25 16:21:24'),(83,12,3,'1982-05-28 02:46:13','1981-08-30 23:25:04','2012-01-12 23:44:39','2020-10-25 16:21:24'),(83,98,3,'2016-11-26 22:11:15','2004-09-08 13:44:07','2001-10-17 21:44:41','2020-10-25 16:21:24'),(85,47,3,'2018-03-17 18:40:15','1980-10-21 01:31:04','1997-02-12 02:45:47','2020-10-25 16:21:24'),(86,24,1,'2003-10-15 20:16:28','2019-03-07 20:08:20','1971-03-23 11:57:12','2020-10-25 16:21:24'),(87,25,2,'1974-08-25 04:07:41','1973-08-10 17:12:15','1976-12-29 15:55:57','2020-10-25 16:21:24'),(87,32,3,'1972-11-09 04:54:17','1991-09-01 20:00:43','2002-01-24 17:17:46','2020-10-25 16:21:24'),(89,78,3,'1973-02-20 15:22:18','1977-09-13 10:52:48','1998-03-11 22:29:32','2020-10-25 16:21:24'),(90,23,2,'1993-08-20 03:09:05','1989-05-14 12:27:14','1995-06-24 22:35:05','2020-10-25 16:21:24'),(90,27,1,'1995-12-22 04:33:15','2016-10-18 00:21:53','2008-04-03 20:49:52','2020-10-25 16:21:24'),(90,82,2,'1972-03-07 07:50:35','2008-03-28 21:03:02','2010-11-25 20:24:26','2020-10-25 16:21:24'),(91,7,3,'1982-12-26 00:53:37','1988-08-31 01:39:32','1984-09-03 01:41:38','2020-10-25 16:21:24'),(91,27,3,'1982-09-04 16:53:13','2019-01-19 12:17:52','1981-12-27 15:22:34','2020-10-25 16:21:24'),(93,47,1,'2005-08-10 13:23:34','1988-12-07 18:17:27','1994-05-27 23:31:48','2020-10-25 16:21:24'),(93,49,1,'1976-06-17 19:47:45','2009-02-15 12:42:50','1972-01-10 13:47:23','2020-10-25 16:21:24'),(95,23,3,'1995-07-07 19:45:28','1986-06-05 13:45:57','2012-11-28 10:34:11','2020-10-25 16:21:24'),(96,16,2,'2002-08-07 04:54:05','1982-04-05 23:56:17','1995-03-05 07:28:13','2020-10-25 16:21:24'),(96,93,1,'1978-10-31 23:20:37','2020-02-23 00:21:11','1984-10-21 15:41:18','2020-10-25 16:21:24'),(97,82,2,'2017-08-01 00:26:09','1976-01-16 02:30:53','1994-05-14 16:45:23','2020-10-25 16:21:24'),(98,5,3,'2002-01-19 14:42:24','1988-08-19 20:53:15','1985-04-21 06:36:11','2020-10-25 16:21:24'),(98,6,1,'2019-12-21 23:52:57','2001-11-05 21:29:16','2003-01-01 13:25:25','2020-10-25 16:21:24'),(98,18,3,'2009-01-02 12:30:03','2020-06-13 16:27:50','1984-03-07 04:23:02','2020-10-25 16:21:24'),(99,48,2,'2015-05-24 09:57:30','1982-08-11 11:14:39','1973-10-02 05:17:46','2020-10-25 16:21:24'),(100,3,2,'1986-11-14 11:37:52','1976-10-25 11:20:41','2000-09-27 00:46:30','2020-10-25 16:21:24');
/*!40000 ALTER TABLE `friendships` ENABLE KEYS */;
UNLOCK TABLES;

--
-- Table structure for table `likes`
--

DROP TABLE IF EXISTS `likes`;
/*!40101 SET @saved_cs_client     = @@character_set_client */;
/*!50503 SET character_set_client = utf8mb4 */;
CREATE TABLE `likes` (
  `id` int unsigned NOT NULL AUTO_INCREMENT,
  `user_id` int unsigned NOT NULL,
  `target_id` int unsigned NOT NULL,
  `target_type_id` int unsigned NOT NULL,
  `created_at` datetime DEFAULT CURRENT_TIMESTAMP,
  PRIMARY KEY (`id`),
  KEY `likes_user_id_fk` (`user_id`),
  KEY `likes_target_type_id_fk` (`target_type_id`),
  CONSTRAINT `likes_target_type_id_fk` FOREIGN KEY (`target_type_id`) REFERENCES `target_types` (`id`),
  CONSTRAINT `likes_user_id_fk` FOREIGN KEY (`user_id`) REFERENCES `users` (`id`)
) ENGINE=InnoDB AUTO_INCREMENT=101 DEFAULT CHARSET=utf8mb4 COLLATE=utf8mb4_0900_ai_ci;
/*!40101 SET character_set_client = @saved_cs_client */;

--
-- Dumping data for table `likes`
--

LOCK TABLES `likes` WRITE;
/*!40000 ALTER TABLE `likes` DISABLE KEYS */;
INSERT INTO `likes` VALUES (1,53,37,1,'2020-11-08 10:51:51'),(2,8,69,1,'2020-11-08 10:51:51'),(3,94,7,3,'2020-11-08 10:51:51'),(4,55,8,3,'2020-11-08 10:51:51'),(5,45,2,4,'2020-11-08 10:51:51'),(6,74,39,4,'2020-11-08 10:51:51'),(7,59,68,3,'2020-11-08 10:51:51'),(8,16,86,4,'2020-11-08 10:51:51'),(9,42,70,1,'2020-11-08 10:51:51'),(10,13,88,1,'2020-11-08 10:51:51'),(11,48,30,1,'2020-11-08 10:51:51'),(12,42,92,2,'2020-11-08 10:51:51'),(13,77,95,2,'2020-11-08 10:51:51'),(14,28,9,3,'2020-11-08 10:51:51'),(15,89,56,1,'2020-11-08 10:51:51'),(16,79,67,4,'2020-11-08 10:51:51'),(17,87,43,2,'2020-11-08 10:51:51'),(18,23,62,2,'2020-11-08 10:51:51'),(19,31,24,2,'2020-11-08 10:51:51'),(20,57,6,3,'2020-11-08 10:51:51'),(21,80,19,3,'2020-11-08 10:51:51'),(22,22,40,2,'2020-11-08 10:51:51'),(23,60,91,3,'2020-11-08 10:51:51'),(24,99,72,3,'2020-11-08 10:51:51'),(25,91,70,4,'2020-11-08 10:51:51'),(26,79,60,3,'2020-11-08 10:51:51'),(27,35,83,1,'2020-11-08 10:51:51'),(28,13,27,4,'2020-11-08 10:51:51'),(29,93,80,1,'2020-11-08 10:51:51'),(30,69,76,3,'2020-11-08 10:51:51'),(31,43,90,1,'2020-11-08 10:51:51'),(32,33,3,1,'2020-11-08 10:51:51'),(33,69,98,4,'2020-11-08 10:51:51'),(34,20,52,4,'2020-11-08 10:51:51'),(35,27,45,2,'2020-11-08 10:51:51'),(36,77,59,3,'2020-11-08 10:51:51'),(37,40,7,1,'2020-11-08 10:51:51'),(38,59,48,3,'2020-11-08 10:51:51'),(39,52,84,3,'2020-11-08 10:51:51'),(40,51,72,1,'2020-11-08 10:51:51'),(41,15,56,2,'2020-11-08 10:51:51'),(42,8,33,2,'2020-11-08 10:51:51'),(43,3,91,2,'2020-11-08 10:51:51'),(44,66,84,1,'2020-11-08 10:51:51'),(45,58,21,2,'2020-11-08 10:51:51'),(46,2,8,2,'2020-11-08 10:51:51'),(47,56,69,4,'2020-11-08 10:51:51'),(48,86,93,1,'2020-11-08 10:51:51'),(49,60,76,4,'2020-11-08 10:51:51'),(50,64,26,2,'2020-11-08 10:51:51'),(51,3,5,1,'2020-11-08 10:51:51'),(52,62,65,2,'2020-11-08 10:51:51'),(53,86,23,3,'2020-11-08 10:51:51'),(54,7,67,1,'2020-11-08 10:51:51'),(55,77,35,2,'2020-11-08 10:51:51'),(56,27,93,4,'2020-11-08 10:51:51'),(57,44,64,4,'2020-11-08 10:51:51'),(58,45,64,4,'2020-11-08 10:51:51'),(59,25,74,4,'2020-11-08 10:51:51'),(60,42,31,2,'2020-11-08 10:51:51'),(61,56,90,4,'2020-11-08 10:51:51'),(62,29,4,2,'2020-11-08 10:51:51'),(63,62,6,2,'2020-11-08 10:51:51'),(64,96,49,3,'2020-11-08 10:51:51'),(65,43,42,4,'2020-11-08 10:51:51'),(66,63,80,1,'2020-11-08 10:51:51'),(67,8,13,2,'2020-11-08 10:51:51'),(68,57,65,3,'2020-11-08 10:51:51'),(69,85,54,1,'2020-11-08 10:51:51'),(70,16,33,1,'2020-11-08 10:51:51'),(71,75,28,1,'2020-11-08 10:51:51'),(72,3,62,1,'2020-11-08 10:51:51'),(73,16,78,2,'2020-11-08 10:51:51'),(74,75,47,1,'2020-11-08 10:51:51'),(75,10,19,3,'2020-11-08 10:51:51'),(76,65,31,3,'2020-11-08 10:51:51'),(77,3,36,3,'2020-11-08 10:51:51'),(78,40,92,2,'2020-11-08 10:51:51'),(79,22,88,3,'2020-11-08 10:51:51'),(80,10,27,1,'2020-11-08 10:51:51'),(81,30,44,2,'2020-11-08 10:51:51'),(82,18,98,2,'2020-11-08 10:51:51'),(83,91,43,2,'2020-11-08 10:51:51'),(84,75,53,2,'2020-11-08 10:51:51'),(85,37,67,1,'2020-11-08 10:51:51'),(86,13,97,2,'2020-11-08 10:51:51'),(87,29,14,4,'2020-11-08 10:51:51'),(88,59,52,4,'2020-11-08 10:51:51'),(89,64,66,2,'2020-11-08 10:51:51'),(90,91,42,2,'2020-11-08 10:51:51'),(91,49,41,3,'2020-11-08 10:51:51'),(92,52,93,1,'2020-11-08 10:51:51'),(93,77,51,1,'2020-11-08 10:51:51'),(94,52,97,2,'2020-11-08 10:51:51'),(95,42,31,2,'2020-11-08 10:51:51'),(96,52,71,4,'2020-11-08 10:51:51'),(97,74,77,3,'2020-11-08 10:51:51'),(98,89,52,4,'2020-11-08 10:51:51'),(99,97,13,3,'2020-11-08 10:51:51'),(100,28,18,1,'2020-11-08 10:51:51');
/*!40000 ALTER TABLE `likes` ENABLE KEYS */;
UNLOCK TABLES;

--
-- Table structure for table `media`
--

DROP TABLE IF EXISTS `media`;
/*!40101 SET @saved_cs_client     = @@character_set_client */;
/*!50503 SET character_set_client = utf8mb4 */;
CREATE TABLE `media` (
  `id` int unsigned NOT NULL AUTO_INCREMENT COMMENT '╨Ш╨┤╨╡╨╜╤В╨╕╤Д╨╕╨║╨░╤В╨╛╤А ╤Б╤В╤А╨╛╨║╨╕',
  `user_id` int unsigned NOT NULL COMMENT '╨б╤Б╤Л╨╗╨║╨░ ╨╜╨░ ╨┐╨╛╨╗╤М╨╖╨╛╨▓╨░╤В╨╡╨╗╤П, ╨║╨╛╤В╨╛╤А╤Л╨╣ ╨╖╨░╨│╤А╤Г╨╖╨╕╨╗ ╤Д╨░╨╣╨╗',
  `filename` varchar(255) CHARACTER SET utf8 COLLATE utf8_unicode_ci NOT NULL COMMENT '╨Я╤Г╤В╤М ╨║ ╤Д╨░╨╣╨╗╤Г',
  `size` int NOT NULL COMMENT '╨а╨░╨╖╨╝╨╡╤А ╤Д╨░╨╣╨╗╨░',
  `metadata` json DEFAULT NULL,
  `media_type_id` int unsigned NOT NULL COMMENT '╨б╤Б╤Л╨╗╨║╨░ ╨╜╨░ ╤В╨╕╨┐ ╨║╨╛╨╜╤В╨╡╨╜╤В╨░',
  `created_at` datetime DEFAULT CURRENT_TIMESTAMP COMMENT '╨Т╤А╨╡╨╝╤П ╤Б╨╛╨╖╨┤╨░╨╜╨╕╤П ╤Б╤В╤А╨╛╨║╨╕',
  `updated_at` datetime DEFAULT CURRENT_TIMESTAMP ON UPDATE CURRENT_TIMESTAMP COMMENT '╨Т╤А╨╡╨╝╤П ╨╛╨▒╨╜╨╛╨▓╨╗╨╡╨╜╨╕╤П ╤Б╤В╤А╨╛╨║╨╕',
  PRIMARY KEY (`id`),
  KEY `media_type_id_fk` (`media_type_id`),
  CONSTRAINT `media_type_id_fk` FOREIGN KEY (`media_type_id`) REFERENCES `media_types` (`id`),
  CONSTRAINT `media_chk_1` CHECK (json_valid(`metadata`))
) ENGINE=InnoDB AUTO_INCREMENT=101 DEFAULT CHARSET=utf8 COLLATE=utf8_unicode_ci COMMENT='╨Ь╨╡╨┤╨╕╨░╤Д╨░╨╣╨╗╤Л';
/*!40101 SET character_set_client = @saved_cs_client */;

--
-- Dumping data for table `media`
--

LOCK TABLES `media` WRITE;
/*!40000 ALTER TABLE `media` DISABLE KEYS */;
INSERT INTO `media` VALUES (1,62,'http://dropbox.net/vk/Cummings.png',228240,'{\"owner\": \"Retha Padberg\"}',1,'1973-11-06 15:54:10','2020-10-25 20:18:24'),(2,32,'http://dropbox.net/vk/Feeney.png',998650,'{\"owner\": \"Sigurd Konopelski\"}',2,'1984-11-09 16:24:53','2020-10-25 20:18:24'),(3,71,'http://dropbox.net/vk/Boyer.avi',298528,'{\"owner\": \"Katlynn Purdy\"}',2,'1986-10-13 16:08:47','2020-10-25 20:18:24'),(4,61,'http://dropbox.net/vk/Lebsack.mpeg',486694,'{\"owner\": \"Jadon Auer\"}',3,'1980-07-14 00:33:54','2020-10-25 20:18:24'),(5,92,'http://dropbox.net/vk/Brown.jpeg',527883,'{\"owner\": \"Rae Fahey\"}',2,'2013-01-04 11:31:34','2020-10-25 20:18:24'),(6,77,'http://dropbox.net/vk/Toy.png',169336,'{\"owner\": \"Madelynn Bernier\"}',3,'1978-10-01 14:10:27','2020-10-25 20:18:24'),(7,9,'http://dropbox.net/vk/Russel.png',253029,'{\"owner\": \"Megane Schoen\"}',2,'1998-05-09 14:39:09','2020-10-25 20:18:24'),(8,13,'http://dropbox.net/vk/Hammes.mpeg',747139,'{\"owner\": \"Lola Halvorson\"}',1,'2013-11-27 21:02:51','2020-10-25 20:18:24'),(9,36,'http://dropbox.net/vk/Schoen.avi',966607,'{\"owner\": \"Abel Rohan\"}',2,'1974-12-13 09:33:19','2020-10-25 20:18:24'),(10,42,'http://dropbox.net/vk/Bartoletti.avi',581621,'{\"owner\": \"Eleanore O\'Kon\"}',2,'1995-01-20 12:16:29','2020-10-25 20:18:24'),(11,100,'http://dropbox.net/vk/Purdy.avi',998283,'{\"owner\": \"Melisa Lebsack\"}',2,'1971-01-08 03:23:12','2020-10-25 20:18:24'),(12,74,'http://dropbox.net/vk/Halvorson.jpeg',236552,'{\"owner\": \"Matteo Cole\"}',3,'2001-05-09 03:49:07','2020-10-25 20:18:24'),(13,68,'http://dropbox.net/vk/Lebsack.mpeg',177913,'{\"owner\": \"Idell Hagenes\"}',3,'2001-04-05 11:02:05','2020-10-25 20:18:24'),(14,18,'http://dropbox.net/vk/Ryan.png',169910,'{\"owner\": \"Chaz Kovacek\"}',2,'1981-08-19 06:28:20','2020-10-25 20:18:24'),(15,86,'http://dropbox.net/vk/Stiedemann.jpeg',305811,'{\"owner\": \"Gilda Beatty\"}',1,'1987-08-30 19:35:02','2020-10-25 20:18:24'),(16,74,'http://dropbox.net/vk/Pfannerstill.avi',1009326,'{\"owner\": \"Matteo Cole\"}',2,'1973-04-19 08:23:44','2020-10-25 20:18:24'),(17,12,'http://dropbox.net/vk/Cole.mpeg',119196,'{\"owner\": \"Reece Treutel\"}',2,'2011-08-14 19:49:22','2020-10-25 20:18:24'),(18,39,'http://dropbox.net/vk/Weber.jpeg',558005,'{\"owner\": \"Florence Graham\"}',2,'2001-08-15 17:15:45','2020-10-25 20:18:24'),(19,59,'http://dropbox.net/vk/Little.jpeg',422435,'{\"owner\": \"Gus Wiza\"}',3,'1975-01-31 17:50:48','2020-10-25 20:18:24'),(20,78,'http://dropbox.net/vk/Bergstrom.png',428161,'{\"owner\": \"Shawn Gutmann\"}',1,'2006-07-18 13:28:07','2020-10-25 20:18:24'),(21,11,'http://dropbox.net/vk/Auer.jpeg',863501,'{\"owner\": \"Xander Toy\"}',2,'1988-01-19 22:55:56','2020-10-25 20:18:24'),(22,22,'http://dropbox.net/vk/Schinner.png',23023,'{\"owner\": \"Mckenna Dietrich\"}',3,'1992-08-16 06:45:21','2020-10-25 20:18:24'),(23,77,'http://dropbox.net/vk/Schaden.mpeg',514610,'{\"owner\": \"Madelynn Bernier\"}',2,'1970-12-09 10:28:59','2020-10-25 20:18:24'),(24,18,'http://dropbox.net/vk/Bashirian.mpeg',493983,'{\"owner\": \"Chaz Kovacek\"}',3,'2015-03-11 19:42:01','2020-10-25 20:18:24'),(25,57,'http://dropbox.net/vk/Trantow.mpeg',916088,'{\"owner\": \"Sydney Fritsch\"}',2,'2002-07-12 23:59:58','2020-10-25 20:18:24'),(26,30,'http://dropbox.net/vk/Kovacek.avi',88488,'{\"owner\": \"Wilfredo Gislason\"}',3,'1971-09-15 21:02:36','2020-10-25 20:18:24'),(27,82,'http://dropbox.net/vk/Trantow.png',684177,'{\"owner\": \"Albina Johns\"}',2,'1992-10-31 11:32:19','2020-10-25 20:18:24'),(28,16,'http://dropbox.net/vk/Reinger.avi',145422,'{\"owner\": \"Ally Zemlak\"}',1,'1991-09-28 10:44:32','2020-10-25 20:18:24'),(29,33,'http://dropbox.net/vk/Schinner.jpeg',664579,'{\"owner\": \"Harley Hirthe\"}',3,'2014-10-25 22:34:21','2020-10-25 20:18:24'),(30,18,'http://dropbox.net/vk/Konopelski.png',876632,'{\"owner\": \"Chaz Kovacek\"}',3,'2007-09-24 13:28:07','2020-10-25 20:18:24'),(31,90,'http://dropbox.net/vk/Miller.png',379420,'{\"owner\": \"Jamaal Fisher\"}',3,'1981-12-16 14:59:16','2020-10-25 20:18:24'),(32,94,'http://dropbox.net/vk/Cummings.avi',257207,'{\"owner\": \"Savannah Ortiz\"}',2,'2010-09-13 16:11:56','2020-10-25 20:18:24'),(33,3,'http://dropbox.net/vk/Halvorson.png',137777,'{\"owner\": \"Marge Huels\"}',1,'2010-02-07 08:33:56','2020-10-25 20:18:24'),(34,29,'http://dropbox.net/vk/Franecki.png',907262,'{\"owner\": \"Lenna Boyer\"}',3,'1980-07-27 23:28:55','2020-10-25 20:18:24'),(35,37,'http://dropbox.net/vk/Franecki.jpeg',112981,'{\"owner\": \"Josefina Pollich\"}',3,'2005-07-20 05:25:56','2020-10-25 20:18:24'),(36,97,'http://dropbox.net/vk/Pollich.png',833117,'{\"owner\": \"Bertha Cremin\"}',3,'1978-03-01 10:08:07','2020-10-25 20:18:24'),(37,72,'http://dropbox.net/vk/Hyatt.jpeg',816646,'{\"owner\": \"Francesco Nicolas\"}',1,'2019-12-23 04:14:35','2020-10-25 20:18:24'),(38,70,'http://dropbox.net/vk/Hagenes.jpeg',573877,'{\"owner\": \"Zaria Hammes\"}',2,'1987-07-14 12:18:50','2020-10-25 20:18:24'),(39,34,'http://dropbox.net/vk/Russel.mpeg',409449,'{\"owner\": \"Onie Kessler\"}',2,'2011-06-27 15:56:37','2020-10-25 20:18:24'),(40,60,'http://dropbox.net/vk/Cole.png',315612,'{\"owner\": \"Shanelle Heathcote\"}',1,'2019-01-03 13:12:22','2020-10-25 20:18:24'),(41,99,'http://dropbox.net/vk/Kilback.avi',339716,'{\"owner\": \"Jaron Aufderhar\"}',1,'2013-06-01 06:27:54','2020-10-25 20:18:24'),(42,12,'http://dropbox.net/vk/Schamberger.jpeg',741745,'{\"owner\": \"Reece Treutel\"}',1,'1997-06-18 13:13:29','2020-10-25 20:18:24'),(43,65,'http://dropbox.net/vk/Rohan.jpeg',679577,'{\"owner\": \"Glen Will\"}',1,'2004-04-14 10:23:47','2020-10-25 20:18:24'),(44,87,'http://dropbox.net/vk/Weber.png',162650,'{\"owner\": \"Tate Parisian\"}',3,'2004-10-18 13:28:36','2020-10-25 20:18:24'),(45,41,'http://dropbox.net/vk/Treutel.png',764521,'{\"owner\": \"Cody Sporer\"}',3,'2010-01-11 20:31:06','2020-10-25 20:18:24'),(46,42,'http://dropbox.net/vk/Dicki.mpeg',324654,'{\"owner\": \"Eleanore O\'Kon\"}',1,'1994-04-16 20:04:27','2020-10-25 20:18:24'),(47,89,'http://dropbox.net/vk/Murazik.jpeg',319709,'{\"owner\": \"Dayana Trantow\"}',3,'2019-02-24 05:01:26','2020-10-25 20:18:24'),(48,16,'http://dropbox.net/vk/Toy.png',614582,'{\"owner\": \"Ally Zemlak\"}',1,'2009-08-17 08:51:27','2020-10-25 20:18:24'),(49,11,'http://dropbox.net/vk/Nicolas.png',103786,'{\"owner\": \"Xander Toy\"}',1,'1980-08-10 16:50:59','2020-10-25 20:18:24'),(50,10,'http://dropbox.net/vk/Green.avi',665184,'{\"owner\": \"Kara Monahan\"}',3,'1986-09-24 02:19:37','2020-10-25 20:18:24'),(51,13,'http://dropbox.net/vk/Boyer.avi',1004562,'{\"owner\": \"Lola Halvorson\"}',1,'1992-02-21 09:17:55','2020-10-25 20:18:24'),(52,37,'http://dropbox.net/vk/Conroy.mpeg',17257,'{\"owner\": \"Josefina Pollich\"}',3,'1985-10-16 20:42:29','2020-10-25 20:18:24'),(53,47,'http://dropbox.net/vk/Johns.avi',62600,'{\"owner\": \"Deborah Kilback\"}',2,'1982-03-29 02:43:07','2020-10-25 20:18:24'),(54,22,'http://dropbox.net/vk/Hane.png',251231,'{\"owner\": \"Mckenna Dietrich\"}',2,'2017-12-29 15:33:08','2020-10-25 20:18:24'),(55,67,'http://dropbox.net/vk/Franecki.png',58355,'{\"owner\": \"Baron Weber\"}',3,'2009-11-15 09:38:08','2020-10-25 20:18:24'),(56,69,'http://dropbox.net/vk/Schaden.mpeg',528084,'{\"owner\": \"Verda Cummings\"}',2,'1989-04-14 04:26:46','2020-10-25 20:18:24'),(57,45,'http://dropbox.net/vk/Wiegand.png',455354,'{\"owner\": \"Teagan Dicki\"}',1,'1994-02-22 09:38:54','2020-10-25 20:18:24'),(58,18,'http://dropbox.net/vk/Bartoletti.mpeg',682517,'{\"owner\": \"Chaz Kovacek\"}',3,'1979-05-12 10:10:56','2020-10-25 20:18:24'),(59,54,'http://dropbox.net/vk/Crooks.jpeg',36524,'{\"owner\": \"Morgan Stiedemann\"}',1,'1971-12-31 14:50:12','2020-10-25 20:18:24'),(60,17,'http://dropbox.net/vk/Conroy.jpeg',125069,'{\"owner\": \"Susan Upton\"}',2,'2017-04-08 12:29:35','2020-10-25 20:18:24'),(61,21,'http://dropbox.net/vk/Schamberger.mpeg',505773,'{\"owner\": \"Christian Franecki\"}',2,'2011-12-12 06:27:11','2020-10-25 20:18:24'),(62,53,'http://dropbox.net/vk/Schaden.mpeg',143659,'{\"owner\": \"Lilian Wiegand\"}',1,'2002-10-13 04:56:51','2020-10-25 20:18:24'),(63,100,'http://dropbox.net/vk/Trantow.avi',190976,'{\"owner\": \"Melisa Lebsack\"}',1,'2014-02-05 19:42:00','2020-10-25 20:18:24'),(64,42,'http://dropbox.net/vk/Pacocha.jpeg',513905,'{\"owner\": \"Eleanore O\'Kon\"}',2,'1995-08-03 16:25:45','2020-10-25 20:18:24'),(65,8,'http://dropbox.net/vk/Dickens.jpeg',986598,'{\"owner\": \"Gregory Becker\"}',2,'1989-01-08 01:10:15','2020-10-25 20:18:24'),(66,13,'http://dropbox.net/vk/Fahey.mpeg',381275,'{\"owner\": \"Lola Halvorson\"}',3,'2003-07-13 02:11:34','2020-10-25 20:18:24'),(67,40,'http://dropbox.net/vk/Williamson.avi',936580,'{\"owner\": \"Preston Klocko\"}',2,'2002-10-18 00:53:46','2020-10-25 20:18:24'),(68,64,'http://dropbox.net/vk/Bernier.png',529075,'{\"owner\": \"Jaeden Russel\"}',3,'1991-07-16 22:25:15','2020-10-25 20:18:24'),(69,96,'http://dropbox.net/vk/Schinner.png',825634,'{\"owner\": \"Mack Crooks\"}',1,'1987-09-19 03:12:08','2020-10-25 20:18:24'),(70,91,'http://dropbox.net/vk/Little.mpeg',530949,'{\"owner\": \"Concepcion Kertzmann\"}',3,'1978-04-12 23:06:02','2020-10-25 20:18:24'),(71,64,'http://dropbox.net/vk/Sporer.png',167844,'{\"owner\": \"Jaeden Russel\"}',3,'1986-03-31 19:22:15','2020-10-25 20:18:24'),(72,46,'http://dropbox.net/vk/Koepp.jpeg',236373,'{\"owner\": \"Conner Hand\"}',2,'2001-03-16 07:01:49','2020-10-25 20:18:24'),(73,37,'http://dropbox.net/vk/Kessler.avi',668335,'{\"owner\": \"Josefina Pollich\"}',2,'2002-06-15 00:04:13','2020-10-25 20:18:24'),(74,46,'http://dropbox.net/vk/Kovacek.avi',622556,'{\"owner\": \"Conner Hand\"}',3,'2003-12-23 03:15:13','2020-10-25 20:18:24'),(75,18,'http://dropbox.net/vk/Rohan.mpeg',97775,'{\"owner\": \"Chaz Kovacek\"}',3,'2019-12-30 06:16:41','2020-10-25 20:18:24'),(76,51,'http://dropbox.net/vk/O\'Kon.mpeg',611209,'{\"owner\": \"Deondre Jenkins\"}',2,'2017-03-08 23:59:45','2020-10-25 20:18:24'),(77,2,'http://dropbox.net/vk/Pollich.mpeg',752720,'{\"owner\": \"Madie Bashirian\"}',2,'2006-04-24 02:34:13','2020-10-25 20:18:24'),(78,58,'http://dropbox.net/vk/Cummings.avi',919973,'{\"owner\": \"Brook Nicolas\"}',2,'1984-11-21 22:00:05','2020-10-25 20:18:24'),(79,83,'http://dropbox.net/vk/Brown.mpeg',331705,'{\"owner\": \"Juston Murazik\"}',2,'2010-08-23 11:57:05','2020-10-25 20:18:24'),(80,41,'http://dropbox.net/vk/Pfannerstill.jpeg',888606,'{\"owner\": \"Cody Sporer\"}',2,'1970-08-04 11:44:53','2020-10-25 20:18:24'),(81,55,'http://dropbox.net/vk/Dickens.mpeg',437918,'{\"owner\": \"Jenifer Cassin\"}',1,'1998-10-13 13:53:10','2020-10-25 20:18:24'),(82,49,'http://dropbox.net/vk/Hane.jpeg',513770,'{\"owner\": \"Abelardo Feeney\"}',3,'1998-11-10 21:33:53','2020-10-25 20:18:24'),(83,83,'http://dropbox.net/vk/Hammes.mpeg',245096,'{\"owner\": \"Juston Murazik\"}',2,'1977-12-19 01:30:58','2020-10-25 20:18:24'),(84,65,'http://dropbox.net/vk/Stiedemann.jpeg',674173,'{\"owner\": \"Glen Will\"}',2,'1970-11-10 06:29:37','2020-10-25 20:18:24'),(85,74,'http://dropbox.net/vk/Murazik.mpeg',625577,'{\"owner\": \"Matteo Cole\"}',1,'1986-02-15 06:36:36','2020-10-25 20:18:24'),(86,78,'http://dropbox.net/vk/Auer.jpeg',95365,'{\"owner\": \"Shawn Gutmann\"}',3,'2006-08-31 12:06:15','2020-10-25 20:18:24'),(87,66,'http://dropbox.net/vk/Kessler.png',590094,'{\"owner\": \"Rhea Brown\"}',3,'2008-10-21 14:54:03','2020-10-25 20:18:24'),(88,96,'http://dropbox.net/vk/Will.avi',654379,'{\"owner\": \"Mack Crooks\"}',3,'1979-01-28 03:31:12','2020-10-25 20:18:24'),(89,82,'http://dropbox.net/vk/Ward.mpeg',491610,'{\"owner\": \"Albina Johns\"}',2,'2011-12-06 04:32:44','2020-10-25 20:18:24'),(90,22,'http://dropbox.net/vk/Klocko.png',484915,'{\"owner\": \"Mckenna Dietrich\"}',1,'1987-04-01 07:54:30','2020-10-25 20:18:24'),(91,62,'http://dropbox.net/vk/Green.jpeg',939744,'{\"owner\": \"Retha Padberg\"}',3,'1991-06-11 03:55:12','2020-10-25 20:18:24'),(92,42,'http://dropbox.net/vk/Aufderhar.png',233975,'{\"owner\": \"Eleanore O\'Kon\"}',2,'1985-11-17 13:44:21','2020-10-25 20:18:24'),(93,27,'http://dropbox.net/vk/Williamson.avi',340647,'{\"owner\": \"Ivory Cummings\"}',3,'2018-06-02 03:53:25','2020-10-25 20:18:24'),(94,6,'http://dropbox.net/vk/Dicki.jpeg',991307,'{\"owner\": \"Jett Pfannerstill\"}',1,'1996-11-21 01:23:35','2020-10-25 20:18:24'),(95,50,'http://dropbox.net/vk/Rohan.jpeg',924598,'{\"owner\": \"Carolyn Kassulke\"}',3,'1982-11-29 20:16:41','2020-10-25 20:18:24'),(96,30,'http://dropbox.net/vk/Schinner.png',639068,'{\"owner\": \"Wilfredo Gislason\"}',1,'2019-03-12 18:40:39','2020-10-25 20:18:24'),(97,1,'http://dropbox.net/vk/Ryan.png',411545,'{\"owner\": \"Jordon Koepp\"}',1,'1999-09-07 12:18:55','2020-10-25 20:18:24'),(98,12,'http://dropbox.net/vk/Wiegand.avi',130521,'{\"owner\": \"Reece Treutel\"}',3,'2004-03-15 21:39:45','2020-10-25 20:18:24'),(99,58,'http://dropbox.net/vk/Nicolas.mpeg',407972,'{\"owner\": \"Brook Nicolas\"}',2,'1981-06-21 12:37:09','2020-10-25 20:18:24'),(100,55,'http://dropbox.net/vk/Rohan.avi',638296,'{\"owner\": \"Jenifer Cassin\"}',1,'1998-01-01 22:13:44','2020-10-25 20:18:24');
/*!40000 ALTER TABLE `media` ENABLE KEYS */;
UNLOCK TABLES;

--
-- Table structure for table `media_types`
--

DROP TABLE IF EXISTS `media_types`;
/*!40101 SET @saved_cs_client     = @@character_set_client */;
/*!50503 SET character_set_client = utf8mb4 */;
CREATE TABLE `media_types` (
  `id` int unsigned NOT NULL AUTO_INCREMENT COMMENT '╨Ш╨┤╨╡╨╜╤В╨╕╤Д╨╕╨║╨░╤В╨╛╤А ╤Б╤В╤А╨╛╨║╨╕',
  `name` varchar(255) CHARACTER SET utf8 COLLATE utf8_unicode_ci NOT NULL COMMENT '╨Э╨░╨╖╨▓╨░╨╜╨╕╨╡ ╤В╨╕╨┐╨░',
  `created_at` datetime DEFAULT CURRENT_TIMESTAMP COMMENT '╨Т╤А╨╡╨╝╤П ╤Б╨╛╨╖╨┤╨░╨╜╨╕╤П ╤Б╤В╤А╨╛╨║╨╕',
  `updated_at` datetime DEFAULT CURRENT_TIMESTAMP ON UPDATE CURRENT_TIMESTAMP COMMENT '╨Т╤А╨╡╨╝╤П ╨╛╨▒╨╜╨╛╨▓╨╗╨╡╨╜╨╕╤П ╤Б╤В╤А╨╛╨║╨╕',
  PRIMARY KEY (`id`),
  UNIQUE KEY `name` (`name`)
) ENGINE=InnoDB AUTO_INCREMENT=4 DEFAULT CHARSET=utf8 COLLATE=utf8_unicode_ci COMMENT='╨в╨╕╨┐╤Л ╨╝╨╡╨┤╨╕╨░╤Д╨░╨╣╨╗╨╛╨▓';
/*!40101 SET character_set_client = @saved_cs_client */;

--
-- Dumping data for table `media_types`
--

LOCK TABLES `media_types` WRITE;
/*!40000 ALTER TABLE `media_types` DISABLE KEYS */;
INSERT INTO `media_types` VALUES (1,'photo','2020-10-25 16:10:00','2020-10-25 16:10:00'),(2,'video','2020-10-25 16:10:00','2020-10-25 16:10:00'),(3,'audio','2020-10-25 16:10:00','2020-10-25 16:10:00');
/*!40000 ALTER TABLE `media_types` ENABLE KEYS */;
UNLOCK TABLES;

--
-- Table structure for table `messages`
--

DROP TABLE IF EXISTS `messages`;
/*!40101 SET @saved_cs_client     = @@character_set_client */;
/*!50503 SET character_set_client = utf8mb4 */;
CREATE TABLE `messages` (
  `id` int unsigned NOT NULL AUTO_INCREMENT COMMENT '╨Ш╨┤╨╡╨╜╤В╨╕╤Д╨╕╨║╨░╤В╨╛╤А ╤Б╤В╤А╨╛╨║╨╕',
  `from_user_id` int unsigned NOT NULL COMMENT '╨б╤Б╤Л╨╗╨║╨░ ╨╜╨░ ╨╛╤В╨┐╤А╨░╨▓╨╕╤В╨╡╨╗╤П ╤Б╨╛╨╛╨▒╤Й╨╡╨╜╨╕╤П',
  `to_user_id` int unsigned NOT NULL COMMENT '╨б╤Б╤Л╨╗╨║╨░ ╨╜╨░ ╨┐╨╛╨╗╤Г╤З╨░╤В╨╡╨╗╤П ╤Б╨╛╨╛╨▒╤Й╨╡╨╜╨╕╤П',
  `body` text CHARACTER SET utf8 COLLATE utf8_unicode_ci NOT NULL COMMENT '╨в╨╡╨║╤Б╤В ╤Б╨╛╨╛╨▒╤Й╨╡╨╜╨╕╤П',
  `is_important` tinyint(1) DEFAULT NULL COMMENT '╨Я╤А╨╕╨╖╨╜╨░╨║ ╨▓╨░╨╢╨╜╨╛╤Б╤В╨╕',
  `is_delivered` tinyint(1) DEFAULT NULL COMMENT '╨Я╤А╨╕╨╖╨╜╨░╨║ ╨┤╨╛╤Б╤В╨░╨▓╨║╨╕',
  `created_at` datetime DEFAULT CURRENT_TIMESTAMP COMMENT '╨Т╤А╨╡╨╝╤П ╤Б╨╛╨╖╨┤╨░╨╜╨╕╤П ╤Б╤В╤А╨╛╨║╨╕',
  `updated_at` datetime DEFAULT CURRENT_TIMESTAMP ON UPDATE CURRENT_TIMESTAMP COMMENT '╨Т╤А╨╡╨╝╤П ╨╛╨▒╨╜╨╛╨▓╨╗╨╡╨╜╨╕╤П ╤Б╤В╤А╨╛╨║╨╕',
  PRIMARY KEY (`id`),
  KEY `messages_from_user_id_fk` (`from_user_id`),
  KEY `messages_to_user_id_fk` (`to_user_id`),
  CONSTRAINT `messages_from_user_id_fk` FOREIGN KEY (`from_user_id`) REFERENCES `users` (`id`),
  CONSTRAINT `messages_to_user_id_fk` FOREIGN KEY (`to_user_id`) REFERENCES `users` (`id`)
) ENGINE=InnoDB AUTO_INCREMENT=101 DEFAULT CHARSET=utf8 COLLATE=utf8_unicode_ci COMMENT='╨б╨╛╨╛╨▒╤Й╨╡╨╜╨╕╤П';
/*!40101 SET character_set_client = @saved_cs_client */;

--
-- Dumping data for table `messages`
--

LOCK TABLES `messages` WRITE;
/*!40000 ALTER TABLE `messages` DISABLE KEYS */;
INSERT INTO `messages` VALUES (1,98,16,'Consectetur sed consectetur officia ut asperiores dolores. Consequatur optio ipsum voluptatem est ut atque itaque. Quaerat nihil distinctio quo.',1,0,'2014-10-15 10:30:27','2020-10-25 14:17:25'),(2,83,69,'Quas consequatur sit qui minus qui velit iste. Amet tempora nisi distinctio eum. At occaecati et itaque ipsum fugit commodi nemo.',1,1,'2007-08-18 19:22:08','2020-10-25 14:17:25'),(3,92,56,'Dignissimos consequuntur impedit blanditiis amet blanditiis maiores earum. Exercitationem voluptas id repellat velit. Harum et natus hic sed iste ut magnam qui. Rerum incidunt vel fuga qui ab.',0,0,'1998-07-01 06:38:07','2020-10-25 14:17:25'),(4,2,43,'Atque quis occaecati temporibus laboriosam est non ducimus. Aspernatur voluptatem necessitatibus autem officiis harum. Minus qui eos labore sint tenetur cupiditate hic temporibus. Et et assumenda esse quis est dolorem sint eos.',0,0,'2005-06-08 15:49:50','2020-10-25 14:17:25'),(5,9,15,'Eligendi non aut sequi quo vel officia. Doloribus laudantium facere sapiente molestiae nostrum veniam. Omnis et pariatur quae voluptatibus nisi. Eaque qui architecto veniam est.',0,1,'2000-07-27 07:10:01','2020-10-25 14:17:25'),(6,48,95,'Quisquam est necessitatibus similique eveniet occaecati ut atque. Cupiditate natus fuga quasi dolor labore ullam est. Quae ea dolores hic temporibus. Facilis qui sapiente voluptatibus cupiditate illum corporis molestias ipsam. Eum nesciunt quaerat et in.',0,0,'2018-03-11 04:36:31','2020-10-25 14:17:25'),(7,30,62,'Aliquam illum tempora odit ut inventore perspiciatis deserunt. Quidem sint quo ipsum impedit velit velit sint. Nam dignissimos ut est eligendi odio omnis. Enim qui accusamus enim recusandae aut earum.',1,1,'1982-11-11 05:42:38','2020-10-25 14:17:25'),(8,22,23,'Est eveniet modi cupiditate recusandae provident amet est reiciendis. Eligendi perspiciatis consectetur eum architecto et aliquam. Velit ullam aperiam ut. Modi incidunt a omnis deleniti delectus.',0,0,'1991-08-25 09:46:13','2020-10-25 14:17:25'),(9,49,73,'Voluptates ratione quas fugit consequatur nostrum neque. Iste molestiae ex repellat inventore est eos. Iste et fuga voluptates modi. Qui repudiandae quia et neque hic eligendi temporibus.',1,0,'2016-01-30 14:56:16','2020-10-25 14:17:25'),(10,21,82,'Quidem hic exercitationem consequatur. Iusto omnis maiores numquam eum cumque ut debitis laudantium. Quas porro voluptas necessitatibus animi incidunt. Est dolor natus provident.',0,0,'2012-02-08 19:39:16','2020-10-25 14:17:25'),(11,49,100,'Aspernatur dolorum autem consequuntur ea. Accusamus culpa magni delectus non. Et maiores minus minus nobis. Aperiam velit facilis iste veritatis officiis sunt.',0,1,'2002-02-18 23:20:10','2020-10-25 14:17:25'),(12,50,51,'Aut dolores placeat doloribus sequi. Harum saepe quis eius explicabo sit fuga. Delectus optio quo vero. Consectetur qui sit facilis quo.',0,0,'1972-10-04 23:39:58','2020-10-25 14:17:25'),(13,5,70,'Sit amet et nemo facere vel ipsam. A vel harum mollitia maxime. Vel dolorem rem aliquam adipisci.',1,0,'1997-03-03 12:50:14','2020-10-25 14:17:25'),(14,37,72,'Est omnis labore aperiam enim sunt. Qui et eum optio quia ipsum.',1,1,'1979-02-06 17:04:30','2020-10-25 14:17:25'),(15,48,23,'Sit architecto quisquam quis quia. Dicta quia libero accusamus aliquam aut et. Sunt magnam quaerat ducimus ullam saepe itaque. Doloribus aut necessitatibus et ipsum odio.',1,0,'1976-09-03 12:09:20','2020-10-25 14:17:25'),(16,70,81,'Aut ullam reprehenderit voluptatem modi consequatur quidem. Dolor sint est autem cumque sed. Ex ut neque atque eaque minus non. Dolorem non asperiores rerum in ex et et.',0,1,'1975-12-15 10:56:54','2020-10-25 14:17:25'),(17,97,39,'Qui et at nisi explicabo qui et culpa. Ut soluta amet atque omnis ut velit id. Consequatur voluptate distinctio asperiores in asperiores repellendus deserunt fugiat.',0,0,'2007-06-28 03:33:36','2020-10-25 14:17:25'),(18,5,7,'Sunt animi enim eius minus. Voluptatem aspernatur hic aut sunt ipsa ratione. Dolor similique earum ea ratione at harum ratione.',1,0,'1996-01-27 15:49:49','2020-10-25 14:17:25'),(19,18,69,'Laboriosam assumenda quia nobis ipsa. Nulla aut distinctio consequatur culpa nam voluptatum. Sunt eum sint a illo sapiente reiciendis unde.',1,1,'1976-12-29 13:43:32','2020-10-25 14:17:25'),(20,92,53,'Omnis enim eos consequuntur optio veniam. Voluptatem magni qui at eveniet. Odio eaque qui corrupti omnis laborum.',0,0,'2011-01-01 00:45:22','2020-10-25 14:17:25'),(21,89,86,'Provident odio illo placeat aperiam illum nihil tempore doloremque. Exercitationem quo itaque quaerat quia sit. Voluptatem sit perferendis esse consequatur error placeat dolorem.',0,1,'1992-12-21 17:06:05','2020-10-25 14:17:25'),(22,63,56,'Corrupti aliquam odio aut cumque incidunt est cum. Nihil aut aut molestiae. Quibusdam veritatis et beatae in. Autem quo saepe autem omnis.',1,0,'1998-12-29 01:02:40','2020-10-25 14:17:25'),(23,90,80,'Voluptate est sunt enim eum cumque ea qui soluta. Labore consequatur rem sint velit quia tempora excepturi. Voluptas libero adipisci quisquam modi.',1,0,'1993-02-20 16:14:33','2020-10-25 14:17:25'),(24,29,5,'Eos doloribus qui eveniet rerum dolores molestias blanditiis veniam. Nobis repellendus quibusdam beatae nobis saepe rerum. Eligendi omnis nulla eos omnis non molestiae est eius.',1,0,'1983-08-18 14:05:16','2020-10-25 14:17:25'),(25,37,71,'Deserunt impedit ab aut id odio. Numquam quidem excepturi excepturi aut dicta laborum. Repellendus accusamus et magni placeat. Rem iste laudantium aut facilis sed adipisci et at.',0,0,'1987-02-01 07:21:32','2020-10-25 14:17:25'),(26,41,93,'Molestias quibusdam officia ut rem fugit. Occaecati mollitia rem cumque nisi. Illum enim est rerum quasi sint ut.',0,1,'2020-06-04 04:17:00','2020-10-25 14:17:25'),(27,40,23,'Reprehenderit iusto qui exercitationem est omnis consequatur error. Sed corrupti tempora error ut. Sit voluptatibus impedit ipsam consequatur.',1,0,'2013-10-15 04:52:31','2020-10-25 14:17:25'),(28,92,92,'Minus est optio optio voluptas aut impedit repellat sapiente. Nam voluptate dolores quo. Doloremque ex voluptatibus qui alias aut a.',1,1,'1971-08-26 07:55:58','2020-10-25 14:17:25'),(29,83,39,'Mollitia totam deleniti nobis et unde ullam voluptates aut. Aperiam quia dicta deleniti quia et fugiat nihil. Quia voluptas dignissimos molestias dolore est ratione. Qui a natus voluptatem.',1,1,'1979-08-22 12:50:53','2020-10-25 14:17:25'),(30,46,12,'Cum deserunt ratione qui possimus quisquam atque. Doloribus aliquam maiores ex officiis. Facilis sed ut quibusdam suscipit debitis quia. At necessitatibus sunt distinctio eum commodi consequatur. Consequatur facilis tempore debitis cum nemo id est eaque.',1,1,'2012-01-20 00:48:04','2020-10-25 14:17:25'),(31,21,70,'Rerum necessitatibus rerum reprehenderit. Animi consequatur voluptate in fugiat nobis autem sed. Doloremque id aut et eos dolorem.',1,1,'1993-04-10 16:57:53','2020-10-25 14:17:25'),(32,86,18,'Cumque vitae asperiores blanditiis asperiores laborum. Aspernatur quam et eaque in. Ducimus dicta dolores ad ut est maiores est. Occaecati sed labore architecto accusamus.',1,0,'2001-05-07 15:10:45','2020-10-25 14:17:25'),(33,34,16,'Necessitatibus et sed consequatur molestiae amet voluptatibus. Aliquam quas assumenda eos amet deleniti. Fugit adipisci quibusdam expedita beatae pariatur illo et. Doloremque magni ab ea inventore maiores.',0,0,'1970-07-26 15:17:38','2020-10-25 14:17:25'),(34,75,26,'Numquam qui eveniet nostrum pariatur. Voluptas harum velit sit aliquam est doloremque est. Dicta error sed rem alias et ab.',1,0,'1973-12-09 21:06:56','2020-10-25 14:17:25'),(35,6,51,'Quis tenetur qui laudantium dicta distinctio cupiditate dolores. Numquam voluptatum id sunt ea debitis rerum rerum eveniet.',0,1,'2004-03-13 01:25:09','2020-10-25 14:17:25'),(36,37,30,'Delectus consequatur dolorem doloribus eum culpa voluptas itaque rerum. Nihil modi totam qui explicabo autem blanditiis. Dicta eveniet vel doloremque doloremque.',0,1,'1983-06-15 01:20:33','2020-10-25 14:17:25'),(37,41,15,'Minus veniam quis velit mollitia ut. Facilis aliquid at sapiente dolores est. Enim maxime alias rerum eos nihil. Fugiat quo libero expedita architecto pariatur.',1,0,'2006-04-15 02:16:09','2020-10-25 14:17:25'),(38,52,14,'Et velit impedit cumque nemo qui. Sequi magni in laudantium ex. Doloremque voluptatem repellendus atque rem autem. Quis consequatur soluta doloremque facilis consequatur rem porro. Recusandae iste nisi eos ducimus quia fugit.',0,0,'2005-03-05 10:09:54','2020-10-25 14:17:25'),(39,15,30,'Voluptatum nobis rerum corporis qui. Omnis a natus quos provident error animi quia. Unde repudiandae unde saepe explicabo est.',1,1,'2012-12-22 06:47:18','2020-10-25 14:17:25'),(40,7,42,'Ratione aut voluptas minima quidem odio in sint. Reiciendis aut sit numquam dolorem aliquid qui. Alias rerum et et qui et. Qui commodi sunt perspiciatis at provident accusantium.',0,1,'1984-07-15 01:35:29','2020-10-25 14:17:25'),(41,89,18,'Voluptatem corporis minima rerum voluptatem. Voluptatem a autem perspiciatis et aut. Voluptatem sunt explicabo laudantium voluptatem. Et amet tenetur omnis.',1,1,'1977-06-13 12:08:06','2020-10-25 14:17:25'),(42,23,59,'Quam eos eos architecto voluptas. Molestiae sed et hic tempora qui deleniti. Fuga id dolorem aperiam libero.',0,1,'2001-11-26 20:16:30','2020-10-25 14:17:25'),(43,26,54,'Corporis aut aspernatur eveniet et ipsam soluta suscipit. Suscipit inventore nemo nisi consequuntur voluptatum doloribus. Omnis hic autem quasi id perspiciatis expedita id.',1,0,'2014-12-04 15:12:35','2020-10-25 14:17:25'),(44,91,93,'Dolorum esse quidem aut. Illum quia necessitatibus sit. Provident dignissimos et non. Voluptatem illo delectus recusandae vel eum vitae. Unde non dolores quam maiores animi cum minima.',1,0,'2007-02-23 10:38:50','2020-10-25 14:17:25'),(45,92,78,'Necessitatibus eum at reiciendis sit at autem. Soluta sunt iure ut. Sequi et blanditiis explicabo. Necessitatibus ut quibusdam ut dolor consequatur quae animi voluptate.',1,1,'2004-02-17 03:27:37','2020-10-25 14:17:25'),(46,17,48,'Esse voluptatibus laudantium eum suscipit aspernatur. Non repudiandae nobis et voluptas architecto qui. Laudantium perspiciatis voluptas sequi deserunt.',0,0,'2009-06-11 04:34:06','2020-10-25 14:17:25'),(47,89,99,'Voluptate praesentium id optio eligendi eligendi aut. Laboriosam odit voluptatem inventore delectus. Quia officia soluta ut quos et. Voluptatem occaecati quia aperiam fuga qui quibusdam.',1,0,'2011-06-27 05:32:47','2020-10-25 14:17:25'),(48,27,38,'Vitae facere eum suscipit asperiores officia quia. Doloremque consectetur amet repudiandae molestiae nesciunt voluptatem qui. Libero esse tenetur facere ex enim nisi.',1,0,'1995-09-28 20:12:33','2020-10-25 14:17:25'),(49,10,34,'Atque repudiandae at quos ducimus ducimus sequi non possimus. Magni amet possimus cumque numquam tempore voluptatum quae. Quas veniam recusandae impedit cumque ducimus quibusdam voluptate et.',0,0,'1984-04-05 12:32:45','2020-10-25 14:17:25'),(50,40,99,'Ad non quod molestiae dicta sapiente. Consequuntur dolorem rerum aliquam dolores est illo quia. Dolorem id temporibus in voluptatem dolor est eaque.',0,1,'1972-10-25 21:42:41','2020-10-25 14:17:25'),(51,74,73,'Voluptatibus tenetur autem nobis cum. Labore illum voluptatibus soluta dolor architecto. Est sed est libero iure ab sit.',0,1,'1988-10-22 01:05:12','2020-10-25 14:17:25'),(52,44,98,'Magni est natus laudantium sed iure qui tempore. Non ea rerum porro voluptas consequatur nihil. Dolor dolorem voluptatem veritatis voluptas tempora. Enim dolorem nihil et vel.',1,0,'1995-01-01 03:10:48','2020-10-25 14:17:25'),(53,57,91,'Est eum repellat laborum. Est odit molestiae distinctio nostrum qui fugiat voluptatum. Magnam nam libero aut.',1,0,'1978-08-28 15:01:33','2020-10-25 14:17:25'),(54,84,48,'Itaque quasi hic in neque tempora est est optio. Et et minus omnis labore expedita mollitia laboriosam ut. Sit libero minus ut minima vel at minima. Consequatur asperiores exercitationem molestiae atque enim laboriosam.',0,1,'1994-12-02 06:37:53','2020-10-25 14:17:25'),(55,85,80,'Et debitis enim voluptas voluptas. Itaque impedit neque commodi eos voluptate. Rerum quae est dolores rerum mollitia repellat reprehenderit deleniti.',0,0,'1986-07-19 10:02:41','2020-10-25 14:17:25'),(56,44,79,'Aut eius aliquid assumenda enim aspernatur illo tempora. Sit et sunt nesciunt numquam. Autem esse laboriosam voluptatum quidem quis qui. Omnis fugiat aut maiores enim.',1,0,'1999-07-04 11:18:19','2020-10-25 14:17:25'),(57,65,87,'Qui numquam rem deleniti dolor. Est tempora odio nemo eos. Reiciendis et quibusdam soluta dolor est eum. Voluptatibus delectus ut consequuntur mollitia perferendis.',1,1,'2014-08-23 21:07:26','2020-10-25 14:17:25'),(58,40,37,'Necessitatibus omnis a quibusdam. Repellendus quisquam est sequi natus unde dolorem quia. Iusto ut explicabo amet voluptatem aut.',0,0,'2009-04-15 16:54:14','2020-10-25 14:17:25'),(59,65,13,'Totam consequatur voluptatum omnis cumque aut nobis. Et sint sed quis reiciendis. Omnis et adipisci minima sed. Blanditiis velit est dicta illum aliquid.',0,1,'1994-01-24 12:55:44','2020-10-25 14:17:25'),(60,69,7,'Non ratione magnam et quae. Ratione minus id repellat. Et illo cum est non repellendus aut in. Id doloribus quo deserunt voluptatum.',1,0,'1978-05-24 04:56:23','2020-10-25 14:17:25'),(61,27,15,'Ea est quisquam voluptatem iure. Soluta dolorum rerum minus fugit. Aut accusantium delectus quos voluptatem expedita illum veniam. Enim quis minima hic laborum suscipit.',0,1,'2004-01-07 21:18:05','2020-10-25 14:17:25'),(62,93,18,'Voluptatem aut sequi temporibus omnis. Reprehenderit tenetur iure qui distinctio. Dicta architecto exercitationem harum blanditiis dignissimos quisquam. Quasi sapiente ut accusantium sed.',0,1,'2019-08-16 21:27:34','2020-10-25 14:17:25'),(63,10,94,'Placeat autem sint quo nobis. Natus rerum et rem consequatur praesentium necessitatibus necessitatibus. Ipsam voluptates in et quo cupiditate voluptas repellat. Aut vero sed minima dolor cumque ut.',0,0,'1971-01-17 11:49:18','2020-10-25 14:17:25'),(64,43,32,'Non aspernatur minus qui. Nihil corporis minus tenetur. Vero officia aut inventore animi consectetur tenetur.',0,0,'1974-03-03 12:30:53','2020-10-25 14:17:25'),(65,28,46,'Sunt cupiditate quibusdam exercitationem cumque nisi distinctio. Voluptatem in voluptatum dicta. Quis sint recusandae aut non distinctio. Dolor necessitatibus et dicta qui.',0,0,'1997-09-14 03:48:51','2020-10-25 14:17:25'),(66,45,87,'Enim dolorem ullam quaerat. Sed quo et provident provident sit corporis. Nisi ullam magnam maxime.',1,1,'1970-06-06 15:50:45','2020-10-25 14:17:25'),(67,98,31,'Voluptates velit cupiditate voluptatem fugiat dolor perferendis corrupti. Tenetur temporibus velit hic. Corporis excepturi ducimus quaerat impedit rerum. Ut ad porro ad natus maxime.',1,0,'1992-05-19 10:51:24','2020-10-25 14:17:25'),(68,58,97,'Ut sit voluptatem cum asperiores tempore eligendi iusto. Nam non adipisci laborum et est necessitatibus. Delectus odit qui ut delectus voluptas.',0,1,'1973-01-25 14:45:55','2020-10-25 14:17:25'),(69,13,71,'Ratione voluptatem mollitia velit quas cupiditate fugiat maxime. Et qui cupiditate aperiam voluptatum consectetur harum inventore. Dignissimos deserunt rerum ducimus ipsa voluptatem nihil deleniti.',0,1,'2019-01-29 21:49:42','2020-10-25 14:17:25'),(70,17,70,'Odit est quia fuga qui tenetur. Reiciendis deleniti eligendi facilis incidunt qui. Ut qui assumenda autem enim eveniet. Veniam omnis in numquam ipsa molestiae.',0,0,'1983-10-21 07:47:17','2020-10-25 14:17:25'),(71,100,89,'Ea iste quia doloribus eum est totam. Velit et nisi voluptatibus accusantium quibusdam.',1,1,'2015-05-24 23:20:46','2020-10-25 14:17:25'),(72,46,61,'Officiis excepturi distinctio ut sint ex et. Libero ex quas veritatis enim deserunt velit. Perspiciatis quia nostrum qui aliquam unde iusto molestias. Sed blanditiis molestiae autem vitae enim esse consectetur.',0,1,'2009-02-23 12:01:14','2020-10-25 14:17:25'),(73,66,45,'Assumenda fugiat voluptas pariatur fugiat eligendi eum enim. Quae odit reprehenderit adipisci id nihil. Ea dolor inventore sint est.',0,1,'1978-11-01 18:40:37','2020-10-25 14:17:25'),(74,28,5,'Consequuntur eum doloremque natus voluptatem voluptatem qui. Alias fuga libero asperiores voluptatem. Perspiciatis aut non molestiae perferendis facere velit temporibus.',1,0,'2012-12-07 12:05:35','2020-10-25 14:17:25'),(75,39,79,'Quo in ut itaque quam maxime possimus doloribus. Repellat assumenda exercitationem unde. Voluptatum occaecati ipsum ab qui placeat fugit.',1,0,'2007-02-03 11:11:30','2020-10-25 14:17:25'),(76,79,57,'Dolor saepe delectus vitae perspiciatis qui sapiente ullam. Nam voluptates aliquid quia quae. Et non harum minus iste tempore odit ipsam odit. Est adipisci nihil sed beatae tempore recusandae.',0,0,'1986-08-13 13:51:04','2020-10-25 14:17:25'),(77,49,73,'Iusto quia non sint alias. Cumque quia cum eius ex voluptatem et.',1,0,'1987-03-17 09:36:44','2020-10-25 14:17:25'),(78,18,68,'Officia vero ab nesciunt voluptatem sit corporis in. Nam ipsum quo corrupti illo adipisci dignissimos. Aliquid deleniti nobis non totam. Cumque minima voluptatem rerum qui nostrum exercitationem. Officia omnis dolores occaecati repellendus.',0,0,'1996-07-23 23:17:06','2020-10-25 14:17:25'),(79,88,34,'Et voluptate animi quod. Tenetur et non veritatis illum consequatur dicta sequi. Consequatur voluptate libero earum perspiciatis vitae dolor eius.',0,0,'2012-06-23 15:06:00','2020-10-25 14:17:25'),(80,4,19,'Reiciendis vel ad itaque. Ut id consequuntur excepturi eos eius. Ipsam cum ratione explicabo repellendus vel enim enim. Quia voluptatem aliquid ea nostrum ipsa.',1,0,'2018-08-28 06:14:37','2020-10-25 14:17:25'),(81,84,62,'Excepturi aut non sint. Laudantium consequuntur vel sit occaecati non eligendi atque. Eius inventore dignissimos ipsa necessitatibus dolore. Iste totam aut ullam soluta eum.',0,0,'1978-03-25 13:27:55','2020-10-25 14:17:25'),(82,57,1,'Exercitationem sed ratione illum amet est consequatur facilis. Voluptatibus laudantium molestias minima enim est esse. Architecto modi voluptas voluptates qui.',1,0,'2013-06-17 18:52:33','2020-10-25 14:17:25'),(83,30,49,'Consequuntur temporibus id enim dolorem. Voluptas adipisci dolores inventore aut ut. Qui enim ab in. Beatae dolore optio sequi.',0,1,'2005-12-28 20:27:16','2020-10-25 14:17:25'),(84,54,24,'Qui placeat odio rerum voluptas dolorem ad. Quaerat cumque error ad aspernatur. Omnis id repellat nemo. Id sed quia vel nobis.',1,1,'2012-03-09 21:02:51','2020-10-25 14:17:25'),(85,56,8,'Pariatur ab praesentium ut iusto quaerat numquam ratione. Aliquid et consequatur tenetur quidem. Odit tenetur quo id omnis. Deserunt pariatur quos ipsa et quis amet odit. Quis magnam porro sapiente in aspernatur.',0,1,'1971-01-24 02:19:25','2020-10-25 14:17:25'),(86,71,32,'Eos est ab distinctio. Sit itaque earum totam voluptas id consequatur quae perferendis. Vel sapiente aut est corrupti repellendus repudiandae aut. Alias beatae repellat nemo quo quasi optio delectus.',1,1,'2015-11-29 14:21:00','2020-10-25 14:17:25'),(87,47,35,'Adipisci est dolor ut eum. Autem similique cumque dolor laboriosam et. Et quibusdam error est dolores earum ut.',0,1,'2001-11-10 10:11:51','2020-10-25 14:17:25'),(88,37,78,'Molestiae enim dolor sapiente sit incidunt quis reiciendis placeat. Soluta qui labore non distinctio. Ea voluptate suscipit vitae quos. Eaque omnis id illum.',1,0,'1990-01-06 08:37:38','2020-10-25 14:17:25'),(89,80,67,'Nemo et quos est autem qui. Est qui explicabo et deleniti quaerat. Quibusdam tenetur cum iste neque omnis dicta.',1,1,'2013-06-22 23:48:27','2020-10-25 14:17:25'),(90,91,56,'Quia quam ratione eum quae repellendus. Aut veritatis iste dolores saepe accusantium doloremque. Facilis maiores accusamus veritatis aut culpa.',1,1,'2016-06-11 08:46:05','2020-10-25 14:17:25'),(91,4,53,'Modi recusandae soluta inventore voluptas. Quia dolorem fuga voluptatibus illo. Dolor esse autem nam fugiat consectetur recusandae impedit.',1,0,'1999-03-12 10:49:53','2020-10-25 14:17:25'),(92,50,93,'Ea consequatur commodi nostrum iste voluptatibus. Et quis quam consequatur recusandae voluptate. Accusantium mollitia dolorem neque et nesciunt omnis. Odio labore libero labore aut.',0,0,'1986-01-05 02:23:40','2020-10-25 14:17:25'),(93,14,88,'Harum quasi et non repellat quia. Iste sit autem ut debitis sed excepturi. Et molestiae qui facilis placeat ipsum.',1,1,'1990-02-09 15:14:30','2020-10-25 14:17:25'),(94,1,38,'Dolor ducimus debitis architecto inventore qui et. Qui qui voluptas voluptatibus voluptas itaque est. Tempore necessitatibus vero necessitatibus et laborum ut quis.',0,0,'2019-01-26 20:07:27','2020-10-25 14:17:25'),(95,85,14,'Dolorem similique corporis sapiente maxime. Ab placeat aut esse consequatur repellendus est iure. Ut vel error et.',0,0,'2000-08-01 12:42:55','2020-10-25 14:17:25'),(96,11,15,'Distinctio perferendis repudiandae nulla deleniti iure aut. Quasi magnam porro velit consequatur sed.',0,0,'2017-06-24 00:28:23','2020-10-25 14:17:25'),(97,40,54,'Qui est sed illo iste nesciunt aliquam sed. Rem modi vero perspiciatis nihil quaerat vel similique. Sint voluptates magni asperiores maxime ut.',0,0,'1995-12-18 01:58:15','2020-10-25 14:17:25'),(98,49,84,'Qui adipisci architecto impedit. Ipsa ipsa sunt excepturi eveniet odit. Repellat esse repudiandae quaerat similique ut ut.',1,0,'1975-03-05 21:47:41','2020-10-25 14:17:25'),(99,71,3,'Id minus deserunt explicabo eligendi veniam. Dignissimos veritatis est ut voluptatum eum iure. Reiciendis repellendus ut quasi nihil hic pariatur.',0,0,'1987-02-14 07:46:52','2020-10-25 14:17:25'),(100,100,93,'Est atque expedita quis. Vel minima consequuntur voluptas natus. Dolor dolorum qui pariatur in assumenda rerum veniam. Laborum id sed consequuntur ducimus dolorem.',1,0,'1999-12-12 13:49:59','2020-10-25 14:17:25');
/*!40000 ALTER TABLE `messages` ENABLE KEYS */;
UNLOCK TABLES;

--
-- Table structure for table `posts`
--

DROP TABLE IF EXISTS `posts`;
/*!40101 SET @saved_cs_client     = @@character_set_client */;
/*!50503 SET character_set_client = utf8mb4 */;
CREATE TABLE `posts` (
  `id` int unsigned NOT NULL AUTO_INCREMENT,
  `user_id` int unsigned NOT NULL,
  `community_id` int unsigned DEFAULT NULL,
  `head` varchar(255) CHARACTER SET utf8 COLLATE utf8_unicode_ci DEFAULT NULL,
  `body` text CHARACTER SET utf8 COLLATE utf8_unicode_ci NOT NULL,
  `media_id` int unsigned DEFAULT NULL,
  `is_public` tinyint(1) DEFAULT '1',
  `is_archived` tinyint(1) DEFAULT '0',
  `created_at` datetime DEFAULT CURRENT_TIMESTAMP,
  `updated_at` datetime DEFAULT CURRENT_TIMESTAMP ON UPDATE CURRENT_TIMESTAMP,
  PRIMARY KEY (`id`),
  KEY `posts_user_id_fk` (`user_id`),
  KEY `posts_community_id_fk` (`community_id`),
  CONSTRAINT `posts_community_id_fk` FOREIGN KEY (`community_id`) REFERENCES `communities` (`id`) ON DELETE SET NULL,
  CONSTRAINT `posts_user_id_fk` FOREIGN KEY (`user_id`) REFERENCES `users` (`id`)
) ENGINE=InnoDB AUTO_INCREMENT=51 DEFAULT CHARSET=utf8 COLLATE=utf8_unicode_ci;
/*!40101 SET character_set_client = @saved_cs_client */;

--
-- Dumping data for table `posts`
--

LOCK TABLES `posts` WRITE;
/*!40000 ALTER TABLE `posts` DISABLE KEYS */;
INSERT INTO `posts` VALUES (1,68,19,'Quam aut culpa est est et reiciendis. Temporibus voluptatem expedita dolor quaerat. Rerum ullam possimus accusantium non ipsam porro perferendis.','Exercitationem error tempore officia suscipit consequatur voluptatem quis non. Ut et ut voluptatem mollitia. Necessitatibus et nostrum error.',67,1,0,'1991-11-22 00:48:47','2020-11-08 13:01:49'),(2,43,18,'Assumenda tempora consequatur vitae molestiae consectetur. Sed et vel voluptatum ut illum cum. Explicabo sunt voluptas fuga sit consectetur ad.','Esse ea est rem rem. Consequuntur cumque quibusdam nihil. Voluptatibus quia dolore voluptatem quasi magnam autem. Quibusdam nihil reprehenderit saepe ut aspernatur.',95,1,1,'1980-11-08 10:52:13','2020-11-08 13:01:49'),(3,9,8,'Perferendis incidunt cupiditate est fugiat et et sit nihil. Iure laudantium laborum eos dolorem aliquid. Numquam aut porro aut dolorem quis facere.','Autem odit consequuntur aut aspernatur sint qui dolorem. Saepe excepturi voluptas fugiat delectus numquam dolorem. Rem ab quaerat qui corporis incidunt qui quia. Minus aperiam qui sapiente et pariatur eum ea.',72,1,0,'1994-07-24 09:22:51','2020-11-08 13:01:49'),(4,17,9,'Omnis modi impedit commodi deserunt consequatur sint. Qui officia aspernatur et. Magnam vel dolorem et ut. Occaecati veritatis et veniam et sit odio.','Quis cupiditate debitis et explicabo porro. Accusamus tenetur inventore reiciendis iste. Incidunt voluptas iure quis enim unde vel. Quo incidunt tenetur dolor dolorem id atque vitae eius.',75,1,0,'2007-06-16 03:26:11','2020-11-08 13:01:49'),(5,55,21,'Ea temporibus aut in voluptatem blanditiis. A facilis eveniet molestias in. Quibusdam harum aut unde qui.','Porro ut iste consequatur voluptates. Doloribus eum quaerat voluptatem expedita velit cumque dignissimos. Et non reiciendis praesentium quia quia. Soluta temporibus eveniet non voluptatem eum.',60,1,0,'2005-11-22 12:31:45','2020-11-08 13:01:49'),(6,25,4,'Enim qui necessitatibus eaque rerum ipsam minus. Sint voluptas ut rerum. Laboriosam quia molestiae molestiae aut et a occaecati et.','Quasi tempore aspernatur dolorum modi. Consequuntur occaecati ullam eos rerum nam. Qui voluptas repellat excepturi impedit. Quidem voluptatibus est dolor debitis minima.',74,0,0,'2015-03-24 22:18:31','2020-11-08 13:01:49'),(7,59,5,'Recusandae quisquam rerum voluptates optio dicta quia veniam. Facere voluptate quis dignissimos unde labore. Consequatur quaerat occaecati eveniet. Modi autem non possimus ipsum aliquam.','Non repudiandae cumque id aliquam accusamus quis aut. Fugiat sed ab commodi excepturi dolore modi debitis hic. Eos id voluptates doloribus aspernatur quae.',90,0,0,'1990-11-19 01:16:04','2020-11-08 13:01:49'),(8,18,13,'Numquam sint quis distinctio excepturi reiciendis voluptatem. Sunt consequatur soluta in facilis. Possimus veritatis non reiciendis porro fugit voluptatem laborum.','Distinctio deleniti inventore maiores. Eos suscipit libero doloribus ullam modi nemo. Sunt aut iure explicabo. Sunt ab delectus dolorem nostrum cumque blanditiis.',25,0,0,'2018-04-14 18:47:47','2020-11-08 13:01:49'),(9,15,23,'Quia et non cum qui. Laborum incidunt voluptas sunt iusto. Esse sed non voluptatem porro explicabo blanditiis. Officiis recusandae voluptatibus deserunt expedita aut officiis qui.','Tenetur quidem saepe qui rerum eligendi ut. Necessitatibus aut perferendis vitae aut libero. Esse molestiae in labore.',57,0,0,'2014-11-24 11:35:13','2020-11-08 13:01:49'),(10,19,1,'Iusto amet ut dolorum aut est quidem dignissimos. At ipsa sit in voluptatem ipsum et saepe. Aut soluta molestias expedita earum earum velit corporis.','Est nobis aut repellendus tenetur voluptas. Rerum nulla aut modi iste magni accusantium ipsa. Et sit doloremque molestias. Iste ut architecto quos consequatur sequi distinctio deleniti.',9,1,1,'1977-03-12 23:08:36','2020-11-08 13:01:49'),(11,52,9,'Odit in ratione delectus. Voluptatem quod magnam est laudantium dolores. Dolores ut modi iure pariatur esse voluptatem voluptates. Perferendis labore deleniti veritatis est consequatur omnis minus.','Sequi vitae ea amet ipsam inventore quisquam. Et ut qui velit ut. Voluptates quas accusamus blanditiis.',71,0,1,'1982-08-17 08:54:33','2020-11-08 13:01:49'),(12,1,19,'Architecto et rem maiores praesentium quidem eos similique. Autem voluptas tempora ut culpa nostrum.\nOfficiis commodi sed rerum facilis. Sit commodi quo esse doloribus. Non omnis fugit et facilis.','Aut officia neque reprehenderit eaque. Dolorem praesentium neque dolores aspernatur.',30,1,0,'2004-10-21 00:05:43','2020-11-08 13:01:49'),(13,49,17,'Voluptatum sapiente amet aut aut aut est. Est est quos culpa soluta neque. Magni amet voluptatem tenetur adipisci eos iste.','Ut sunt dolores mollitia totam ullam molestias. Est unde id neque. Aspernatur pariatur minima saepe sequi. Sit inventore sunt quisquam.',37,0,1,'1975-11-17 20:59:01','2020-11-08 13:01:49'),(14,42,2,'Beatae natus facere possimus tenetur excepturi. Laborum quod non blanditiis ea tempora iure.','Sint fuga rerum earum. Ipsam nobis fuga rem atque. Soluta aut esse nihil. Sunt sapiente sunt omnis aliquid odio necessitatibus. Assumenda deserunt dicta nulla et.',94,1,0,'2008-01-27 06:56:24','2020-11-08 13:01:49'),(15,60,8,'Voluptas repellat veritatis non magnam architecto animi tenetur voluptas. Dolor itaque eligendi pariatur eius et ea. Enim atque odio voluptatem alias.','Ut natus quod quo provident qui sint. Delectus sit eos alias suscipit labore optio odio velit. Sint exercitationem ex deserunt magni dolorem nam cum.',57,1,0,'2008-06-03 08:11:14','2020-11-08 13:01:49'),(16,74,11,'Exercitationem nam illum cupiditate quae illo magnam corporis. Quisquam est voluptas et enim. Incidunt minus natus tenetur optio repudiandae.','Possimus cupiditate hic molestiae ratione corrupti quis. Omnis sit odio voluptatibus consequuntur ut. Et consequuntur vero facilis sunt omnis eveniet. Sapiente nulla aut tenetur aut maiores. Voluptas est sit laudantium voluptatem dicta.',5,1,1,'1984-09-09 13:19:48','2020-11-08 13:01:49'),(17,90,4,'Porro odio qui molestias quis. Ea quam facilis ut voluptatem. Voluptas rem libero dolor.','Porro culpa unde minima in est vitae quo. Omnis corrupti aut quidem quo non cum dicta cumque. Voluptates facilis voluptas culpa corporis suscipit facere. Omnis laboriosam id id.',51,1,1,'1986-05-19 18:45:40','2020-11-08 13:01:49'),(18,27,13,'Consequatur magnam temporibus quo dolores. Consequatur qui autem quos alias provident laboriosam. Nihil vitae et error velit occaecati dolorem ex. Cum nobis et non ducimus quia.','In magnam distinctio praesentium soluta molestias dolor molestias. Est eum ut perspiciatis repellat sed optio accusantium. Quis porro non natus est corrupti quis. Ut vel autem perspiciatis aut. Odit qui atque qui ducimus eveniet error qui.',39,0,0,'1998-02-14 20:27:29','2020-11-08 13:01:49'),(19,64,25,'Sed magnam eveniet est aperiam dolor. In provident occaecati et. Sit laboriosam ratione quidem dignissimos animi quo ut.','Praesentium minima aperiam dolore ad modi. Illum vero excepturi itaque et harum aut. Rerum sint laboriosam repellendus enim.',44,0,0,'1994-07-07 22:18:26','2020-11-08 13:01:49'),(20,39,13,'Alias laudantium molestiae animi sint. Illo ratione velit fuga numquam molestias.','Voluptas sequi quia id quia dolores vero. Odit officia illum iste eum odit. Nemo commodi autem neque totam.',100,1,1,'1970-05-28 09:41:32','2020-11-08 13:01:49'),(21,1,13,'Accusamus deserunt mollitia quidem inventore. Dolorem nesciunt quas ad illum consequuntur libero. Sunt magnam esse veniam ut eos similique corporis.','Aspernatur eius ullam est quibusdam facilis. Eum occaecati fuga repudiandae nulla sunt tenetur.',68,1,0,'2001-06-30 22:33:45','2020-11-08 13:01:49'),(22,86,25,'Vel alias enim magnam molestiae molestiae molestias voluptatum. Veritatis sint voluptas aut sit minus sed voluptatem ut. Modi iste aut saepe sint. Voluptas itaque maiores officiis ut commodi.','Quidem qui et aliquam officia vitae molestiae. Quo aut esse voluptatum iste qui non. Ipsam earum est dolor deleniti impedit ducimus.',42,0,1,'1975-01-13 21:55:20','2020-11-08 13:01:49'),(23,30,10,'Magni est quisquam odit sunt asperiores iusto dignissimos. Velit quis temporibus numquam sunt maiores id. Nesciunt pariatur quo dicta fugit ut labore vel. Non tempore maxime ipsa praesentium illum.','Et omnis minima id in voluptas. Deleniti dolor deserunt quaerat qui. Et ut dolorum tempore non reprehenderit.',4,1,1,'1977-10-22 00:27:47','2020-11-08 13:01:49'),(24,92,1,'Necessitatibus velit et adipisci optio natus aut voluptas. Enim quaerat expedita dolorem magnam. Eos non vitae commodi exercitationem. Alias ipsa id odit et.','Quibusdam soluta consequatur et est veritatis. Qui numquam accusamus dolores ut quia libero dolorum non. Magnam quasi rerum sed perferendis dolores et molestias. Nam laboriosam distinctio ex officiis.',93,0,0,'2002-01-19 15:13:58','2020-11-08 13:01:49'),(25,68,1,'Et nulla maiores quisquam voluptatem officia distinctio. Consectetur assumenda illum minima voluptatum voluptatem. Nemo officia veniam voluptas ut suscipit tempore.','Quos ipsam voluptatem et eos fugiat. Voluptatem repudiandae vel distinctio aspernatur adipisci. Molestias quia quia harum ab perferendis. Eligendi nemo facilis aut omnis.',54,1,0,'2004-08-18 01:30:18','2020-11-08 13:01:49'),(26,65,24,'Nemo necessitatibus aut aut laborum. Quod magnam reprehenderit magnam autem quis et quidem recusandae. Possimus autem facilis sit molestiae saepe molestiae ad.','Vel pariatur quasi voluptatum in animi omnis itaque. Quibusdam reiciendis assumenda quae doloribus sit eius. Veritatis enim nostrum facilis consectetur qui.',90,1,0,'2018-11-16 14:23:27','2020-11-08 13:01:49'),(27,21,16,'Quia veniam hic id magnam officia. Illo minus in dolorem unde distinctio corrupti. Quia excepturi et cupiditate quasi est impedit. Qui ullam molestiae et error eos nulla at in.','Exercitationem aut explicabo praesentium ipsum. Enim nesciunt laudantium aperiam non porro. Aspernatur aut ipsa et quia consectetur facilis. Laboriosam tempora nesciunt fugit dolores corporis et dolores.',86,0,0,'1998-02-26 02:30:58','2020-11-08 13:01:49'),(28,10,10,'Aperiam nam possimus quia consequatur. Odio ut magni accusantium suscipit. Dolorum et ducimus minima consequatur omnis eos.','Aut est culpa eos et ipsam enim. Natus corrupti soluta est molestiae. Facere et sed non illo et. Qui voluptates rerum ea omnis sunt nam distinctio rerum.',62,0,1,'1977-06-23 22:00:20','2020-11-08 13:01:49'),(29,84,23,'Dolorum sit qui harum minus distinctio culpa velit. Et fugiat vel saepe pariatur fuga vitae. Qui aut veritatis facere voluptate quaerat sunt deleniti.','Ullam facilis nisi voluptatem ullam. Tempore cumque perspiciatis nulla rerum amet facilis et. In consequatur illo voluptatem id facilis fuga vitae.',51,1,0,'2013-05-04 00:16:51','2020-11-08 13:01:49'),(30,89,12,'Velit et explicabo et sint assumenda. Rem est dolorem earum rerum. Voluptatibus ut est voluptas placeat eligendi enim quam illum. Omnis voluptas itaque voluptatem vero.','Cumque ad odio aliquid quia dicta ut labore dignissimos. Hic labore vero laboriosam molestias enim perspiciatis. Nihil a ut unde. Aut et aut minus nemo aliquam et.',67,0,0,'1995-04-28 05:29:28','2020-11-08 13:01:49'),(31,93,16,'Et quam quis adipisci fugiat alias aut voluptatum. Modi reiciendis corporis consequuntur eligendi recusandae debitis nihil quo. Aliquid assumenda ipsum earum sit provident.','Et autem veniam et adipisci distinctio ex quibusdam. Voluptatibus similique id omnis illo quo cumque impedit. Alias doloremque fugit et. Est et maxime voluptatem aut facere perferendis.',82,0,0,'2008-06-09 14:13:10','2020-11-08 13:01:49'),(32,98,18,'Soluta qui deleniti omnis facilis distinctio error dolore. Eligendi quisquam qui velit dolores aperiam sint itaque occaecati. Dolorem et sequi eveniet maiores. Neque omnis quia aliquid.','Et nulla quidem eum at non commodi. Sint amet quo voluptas accusamus unde nesciunt. Voluptatem aut fugit minima voluptatibus reiciendis reprehenderit possimus fuga.',8,1,0,'2006-10-13 12:42:37','2020-11-08 13:01:49'),(33,12,18,'Corporis magnam cum earum beatae ut incidunt. A rerum ipsum voluptatibus numquam consequatur. Ad est iusto at unde laborum.','Est occaecati aliquid et soluta. Sequi aut quia in maxime non eos. Alias exercitationem in in magnam quibusdam quia rerum. Id cumque aperiam est fugit commodi. Itaque dicta tempora accusamus doloremque nesciunt adipisci iure.',94,1,0,'2017-01-12 18:35:41','2020-11-08 13:01:49'),(34,66,9,'Nobis quia vitae ut dolor omnis quod quasi. Aut accusantium voluptatem quibusdam reprehenderit. Harum et laborum totam ducimus ratione laudantium libero.','Et asperiores laboriosam non tenetur. Est incidunt aperiam modi est pariatur in voluptatem. Necessitatibus nihil quo quis eum.',46,1,1,'1972-03-08 11:30:36','2020-11-08 13:01:49'),(35,92,17,'Natus inventore voluptate dolores veniam tenetur quia voluptatem. Aut ratione qui eos. Voluptatem quae omnis animi ut iusto.','Qui architecto consequuntur eos repellendus ut rerum minima. Deleniti sit quo pariatur sed. Quia id dolorum nemo sit necessitatibus rerum.',46,1,0,'2000-10-12 11:40:06','2020-11-08 13:01:49'),(36,62,7,'Quidem qui accusantium sit corporis aut et. Veniam nisi vitae aut nemo. Recusandae autem veritatis quo in aut nam.','Suscipit dicta iusto alias dignissimos. Mollitia sint accusamus qui debitis nihil reiciendis architecto voluptatem. Ea et similique voluptatum minus nulla.',92,1,0,'2016-06-23 04:04:32','2020-11-08 13:01:49'),(37,34,8,'Et inventore id et enim exercitationem ratione ratione. Perferendis voluptatem debitis facere consequatur sed. Ipsam vero perferendis quidem nam illum dicta quo.','Commodi culpa consequatur voluptatibus qui omnis et. Velit accusamus et magni fugit non quam et. Autem illum voluptas iusto aperiam sit. Et in corrupti officia nesciunt similique culpa et.',22,1,0,'2004-12-12 23:20:29','2020-11-08 13:01:49'),(38,82,18,'Maxime qui maxime reprehenderit minus ullam natus quo. Alias aut dolores placeat dolorem dolor voluptatem quam ea.','Adipisci qui molestiae placeat quis exercitationem. Ullam aut nobis illum maxime sit et quia. Cupiditate non illo earum dolor veritatis. Assumenda dolores culpa laboriosam.',35,0,1,'1977-11-12 01:51:40','2020-11-08 13:01:49'),(39,8,15,'Dolore et ut nemo impedit. Aut ut molestiae et.','Voluptatum rerum libero quas sit et. Qui optio maxime qui. Blanditiis laboriosam tenetur officiis sequi reiciendis dolor sit rerum.',6,1,1,'1971-08-09 21:27:42','2020-11-08 13:01:49'),(40,92,19,'Animi occaecati aliquam quisquam ex qui. Autem ipsum qui autem voluptas earum ut. Inventore et eum nemo odio.','Numquam consequuntur exercitationem magnam error quo amet nihil. Impedit enim vel cupiditate officia. Est eaque eius laudantium sint at sint ratione. Error non doloremque maiores repellendus.',25,0,0,'2013-12-21 19:26:11','2020-11-08 13:01:49'),(41,36,2,'Cum deleniti quia voluptas repudiandae assumenda et. Esse expedita dolorem est aut voluptas laboriosam iure. Alias dolor id repellendus enim velit qui quisquam.','Ut aut vel voluptatem. Accusamus numquam maxime occaecati sit. Quam natus voluptatum a tempora.',6,1,0,'1994-04-30 00:12:26','2020-11-08 13:01:49'),(42,6,1,'Voluptatibus architecto rerum inventore non voluptas. Voluptatum aspernatur et sint. Ratione et qui quia exercitationem. Quia nisi dicta consequatur adipisci dolorem ut ut.','Deserunt autem magni possimus quo. Dignissimos qui possimus magni omnis enim labore. Veniam inventore unde quod cumque. Et dolorem dolorum ipsam culpa maiores maxime.',55,1,0,'2018-04-01 05:18:05','2020-11-08 13:01:49'),(43,18,23,'Est autem quod corporis et dolorem culpa sint. Voluptatem ut dolor iste porro officia. Cumque ratione quae ratione quia. Id reprehenderit error harum accusamus.','Nam occaecati ut ipsum porro iusto cum pariatur. Dolor cum quos molestias maxime. Quia natus laudantium vero aliquam. Distinctio voluptatem facere repellendus modi explicabo.',56,0,0,'2014-12-13 07:35:32','2020-11-08 13:01:49'),(44,74,13,'Corporis sed itaque consectetur. Eos aut inventore atque doloribus. Nihil sit eveniet quia deserunt cumque. Nesciunt ex quibusdam est reiciendis.','Quibusdam facere ut ipsam eligendi qui cum et. Laudantium qui quae et rem aliquid. Soluta dignissimos ab quaerat sequi. Et at tempore aut corrupti fugiat.',15,1,1,'1979-05-09 06:08:57','2020-11-08 13:01:49'),(45,16,18,'Et maiores sint sequi id. Molestias et odit eum dolorem. Cum magni reprehenderit sunt unde sapiente. Ullam quibusdam necessitatibus illum error laborum reiciendis.','Cum libero aut qui sapiente. Dolorem necessitatibus deleniti quaerat. Amet excepturi ipsum quaerat non non.',5,0,0,'1999-11-29 21:10:16','2020-11-08 13:01:49'),(46,56,4,'Sit ut quia cupiditate excepturi sunt illo. Eum animi quia earum optio. Accusantium nihil odit voluptatem aut autem.','Aut est aspernatur consectetur tempore. Veritatis rem ad commodi ad. Aut ut omnis aut fugit qui mollitia. Ratione quis enim officia qui accusamus vel aspernatur.',82,1,0,'2017-02-22 11:47:14','2020-11-08 13:01:49'),(47,30,13,'Sunt in quod sed nesciunt. Veniam minima voluptates ex vitae qui maiores neque. Ut soluta sint in aliquid enim rem.','Et qui nostrum suscipit rerum rem. Unde pariatur aut fugit natus blanditiis possimus cupiditate. Voluptas officiis excepturi beatae sed ratione rerum odio dolores.',94,0,0,'2014-08-06 10:17:53','2020-11-08 13:01:49'),(48,83,5,'Dignissimos vel qui fugit vel. Quae hic quia repellendus rem error nam. Voluptas magni ullam quaerat ut nam architecto doloremque.','Necessitatibus ea velit illum hic perspiciatis molestias placeat. Vero tempora quasi recusandae harum impedit itaque. Eligendi omnis dolores animi quis rem deserunt.',24,1,1,'1985-11-30 20:19:31','2020-11-08 13:01:49'),(49,24,9,'Nulla ratione perferendis ut id. Sint debitis sunt quo voluptas. Consequatur quo perspiciatis debitis ex reiciendis eos.','Similique in iste doloribus recusandae alias saepe enim. Itaque at dicta deserunt pariatur velit ut. Atque est quas fuga. Saepe alias ex totam ducimus est maiores cum explicabo.',37,0,0,'1993-03-19 21:12:04','2020-11-08 13:01:49'),(50,70,4,'Animi eligendi natus fuga fuga. Eligendi numquam rerum possimus cum quia. Itaque sed eum voluptatibus iusto. Et voluptate enim quo voluptatem et et id.','In alias sint dolorem ut. Similique architecto numquam in eos. Voluptatum quisquam similique id omnis dolorum consequatur.',11,0,1,'1976-12-11 21:08:28','2020-11-08 13:01:49');
/*!40000 ALTER TABLE `posts` ENABLE KEYS */;
UNLOCK TABLES;

--
-- Table structure for table `profile_statuses`
--

DROP TABLE IF EXISTS `profile_statuses`;
/*!40101 SET @saved_cs_client     = @@character_set_client */;
/*!50503 SET character_set_client = utf8mb4 */;
CREATE TABLE `profile_statuses` (
  `id` int unsigned NOT NULL AUTO_INCREMENT COMMENT 'Идентификатор строки',
  `name` varchar(30) NOT NULL COMMENT 'Название статуса',
  `created_at` datetime DEFAULT CURRENT_TIMESTAMP COMMENT 'Время создания строки',
  `updated_at` datetime DEFAULT CURRENT_TIMESTAMP ON UPDATE CURRENT_TIMESTAMP COMMENT 'Время обновления строки',
  PRIMARY KEY (`id`),
  UNIQUE KEY `name` (`name`)
) ENGINE=InnoDB AUTO_INCREMENT=4 DEFAULT CHARSET=utf8mb4 COLLATE=utf8mb4_0900_ai_ci COMMENT='Статусы профилей';
/*!40101 SET character_set_client = @saved_cs_client */;

--
-- Dumping data for table `profile_statuses`
--

LOCK TABLES `profile_statuses` WRITE;
/*!40000 ALTER TABLE `profile_statuses` DISABLE KEYS */;
INSERT INTO `profile_statuses` VALUES (1,'active','2020-10-25 12:59:44','2020-10-25 12:59:44'),(2,'pending','2020-10-25 12:59:44','2020-10-25 12:59:44'),(3,'disabled','2020-10-25 12:59:44','2020-10-25 12:59:44');
/*!40000 ALTER TABLE `profile_statuses` ENABLE KEYS */;
UNLOCK TABLES;

--
-- Table structure for table `profiles`
--

DROP TABLE IF EXISTS `profiles`;
/*!40101 SET @saved_cs_client     = @@character_set_client */;
/*!50503 SET character_set_client = utf8mb4 */;
CREATE TABLE `profiles` (
  `user_id` int unsigned NOT NULL COMMENT '╨б╤Б╤Л╨╗╨║╨░ ╨╜╨░ ╨┐╨╛╨╗╤М╨╖╨╛╨▓╨░╤В╨╡╨╗╤П',
  `gender` char(1) CHARACTER SET utf8 COLLATE utf8_unicode_ci NOT NULL COMMENT '╨Я╨╛╨╗',
  `birthday` date DEFAULT NULL COMMENT '╨Ф╨░╤В╨░ ╤А╨╛╨╢╨┤╨╡╨╜╨╕╤П',
  `photo_id` int unsigned DEFAULT NULL COMMENT '╨б╤Б╤Л╨╗╨║╨░ ╨╜╨░ ╨╛╤Б╨╜╨╛╨▓╨╜╤Г╤О ╤Д╨╛╤В╨╛╨│╤А╨░╤Д╨╕╤О ╨┐╨╛╨╗╤М╨╖╨╛╨▓╨░╤В╨╡╨╗╤П',
  `status_id` int unsigned DEFAULT NULL,
  `city_id` int unsigned DEFAULT NULL,
  `created_at` datetime DEFAULT CURRENT_TIMESTAMP COMMENT '╨Т╤А╨╡╨╝╤П ╤Б╨╛╨╖╨┤╨░╨╜╨╕╤П ╤Б╤В╤А╨╛╨║╨╕',
  `updated_at` datetime DEFAULT CURRENT_TIMESTAMP ON UPDATE CURRENT_TIMESTAMP COMMENT '╨Т╤А╨╡╨╝╤П ╨╛╨▒╨╜╨╛╨▓╨╗╨╡╨╜╨╕╤П ╤Б╤В╤А╨╛╨║╨╕',
  PRIMARY KEY (`user_id`),
  KEY `profiles_photo_id_fk` (`photo_id`),
  KEY `profiles_status_id_fk` (`status_id`),
  KEY `profiles_city_id_fk` (`city_id`),
  CONSTRAINT `profiles_city_id_fk` FOREIGN KEY (`city_id`) REFERENCES `cities` (`id`) ON DELETE SET NULL,
  CONSTRAINT `profiles_photo_id_fk` FOREIGN KEY (`photo_id`) REFERENCES `media` (`id`) ON DELETE SET NULL,
  CONSTRAINT `profiles_status_id_fk` FOREIGN KEY (`status_id`) REFERENCES `profile_statuses` (`id`) ON DELETE SET NULL,
  CONSTRAINT `profiles_user_id_fk` FOREIGN KEY (`user_id`) REFERENCES `users` (`id`) ON DELETE CASCADE
) ENGINE=InnoDB DEFAULT CHARSET=utf8 COLLATE=utf8_unicode_ci COMMENT='╨Я╤А╨╛╤Д╨╕╨╗╨╕';
/*!40101 SET character_set_client = @saved_cs_client */;

--
-- Dumping data for table `profiles`
--

LOCK TABLES `profiles` WRITE;
/*!40000 ALTER TABLE `profiles` DISABLE KEYS */;
INSERT INTO `profiles` VALUES (1,'m','1982-03-27',9,1,15,'2013-11-16 01:28:19','2020-10-25 14:09:22'),(2,'f','2008-01-05',46,1,3,'2004-03-02 19:43:37','2020-10-25 14:09:22'),(3,'m','1976-02-09',3,2,67,'2009-01-11 08:05:48','2020-10-25 14:09:22'),(4,'m','1988-05-31',78,1,25,'2002-11-05 17:56:59','2020-10-25 14:09:22'),(5,'f','1977-06-01',77,1,26,'1996-08-15 22:58:26','2020-10-25 14:09:22'),(6,'f','1995-07-23',53,3,52,'1981-01-17 00:36:39','2020-10-25 14:09:22'),(7,'m','2016-06-30',32,1,84,'1984-06-04 20:49:00','2020-10-25 14:09:22'),(8,'f','1992-05-08',2,1,64,'1990-07-06 07:42:13','2020-10-25 14:09:22'),(9,'m','2012-01-05',12,1,67,'1975-06-03 23:51:16','2020-10-25 14:09:22'),(10,'m','2014-01-06',54,1,43,'2010-08-22 22:08:37','2020-10-25 14:09:22'),(11,'f','2018-01-29',35,1,12,'1970-01-11 22:33:23','2020-10-25 14:09:22'),(12,'f','2012-01-13',10,1,33,'1978-10-15 18:54:45','2020-10-25 14:09:22'),(13,'f','1991-10-14',46,1,25,'2019-02-06 03:44:42','2020-10-25 14:09:22'),(14,'f','2004-09-08',1,1,29,'2013-11-14 14:30:44','2020-10-25 14:09:22'),(15,'m','1997-09-18',65,1,66,'1977-06-18 13:10:16','2020-10-25 14:09:22'),(16,'m','2004-10-22',20,1,44,'1989-06-12 13:55:35','2020-10-25 14:09:22'),(17,'m','1983-03-08',4,1,21,'1991-12-05 20:51:34','2020-10-25 14:09:22'),(18,'m','2003-08-28',59,1,75,'1981-11-24 11:09:00','2020-10-25 14:09:22'),(19,'m','2012-05-09',84,1,8,'1972-04-30 00:07:50','2020-10-25 14:09:22'),(20,'m','2000-04-06',42,1,17,'1988-06-06 22:37:55','2020-10-25 14:09:22'),(21,'f','1986-10-07',59,1,61,'1973-01-21 17:37:56','2020-10-25 14:09:22'),(22,'f','2002-08-17',67,2,52,'2007-11-27 22:34:24','2020-10-25 14:09:22'),(23,'f','2003-04-29',59,1,77,'2014-07-25 21:36:59','2020-10-25 14:09:22'),(24,'m','1986-09-18',91,1,28,'1979-01-06 19:34:51','2020-10-25 14:09:22'),(25,'f','1985-05-03',77,1,10,'1998-11-18 02:24:31','2020-10-25 14:09:22'),(26,'f','1986-08-18',13,1,63,'1972-03-28 22:05:14','2020-10-25 14:09:22'),(27,'m','1993-06-01',35,1,87,'2009-01-28 09:51:42','2020-10-25 14:09:22'),(28,'f','1977-07-28',33,1,44,'1996-11-05 06:13:10','2020-10-25 14:09:22'),(29,'f','1979-05-10',59,1,58,'1973-08-24 09:08:43','2020-10-25 14:09:22'),(30,'m','2018-01-13',96,1,56,'1996-10-31 03:10:30','2020-10-25 14:09:22'),(31,'m','1983-07-15',3,1,9,'1992-07-27 12:17:31','2020-10-25 14:09:22'),(32,'f','1996-11-07',28,3,73,'2014-02-09 08:44:43','2020-10-25 14:09:22'),(33,'f','2001-08-05',28,1,41,'1982-08-14 18:56:51','2020-10-25 14:09:22'),(34,'m','1987-01-25',57,1,82,'1992-05-12 03:44:34','2020-10-25 14:09:22'),(35,'m','2009-03-28',2,1,89,'2000-12-01 12:05:29','2020-10-25 14:09:22'),(36,'m','1977-11-10',36,1,96,'2004-09-02 14:28:29','2020-10-25 14:09:22'),(37,'m','1985-02-05',72,1,15,'2014-08-15 01:07:03','2020-10-25 14:09:22'),(38,'f','2010-05-26',55,1,87,'2004-02-04 12:08:28','2020-10-25 14:09:22'),(39,'f','1970-01-30',56,1,89,'1981-11-09 10:14:51','2020-10-25 14:09:22'),(40,'m','1973-01-27',15,1,84,'1993-07-07 08:28:22','2020-10-25 14:09:22'),(41,'f','1972-07-17',6,1,54,'2008-10-12 17:31:12','2020-10-25 14:09:22'),(42,'m','1990-07-13',84,1,15,'1984-11-01 05:17:41','2020-10-25 14:09:22'),(43,'m','1990-09-24',3,3,11,'2002-07-15 07:10:52','2020-10-25 14:09:22'),(44,'f','2004-08-24',62,1,12,'2018-02-03 16:08:16','2020-10-25 14:09:22'),(45,'f','2007-09-27',100,1,25,'2012-12-20 02:01:10','2020-10-25 14:09:22'),(46,'f','1971-10-18',15,1,90,'1985-08-11 04:33:06','2020-10-25 14:09:22'),(47,'f','1989-03-08',74,1,72,'2007-12-24 01:04:12','2020-10-25 14:09:22'),(48,'m','2010-10-14',23,1,90,'1981-06-29 08:05:34','2020-10-25 14:09:22'),(49,'f','1985-06-28',93,1,35,'1981-03-08 07:20:56','2020-10-25 14:09:22'),(50,'m','1973-05-30',96,1,4,'2018-10-29 05:19:40','2020-10-25 14:09:22'),(51,'m','2012-07-25',100,1,15,'2017-08-27 01:39:53','2020-10-25 14:09:22'),(52,'m','1992-11-19',13,1,64,'1980-05-29 22:33:25','2020-10-25 14:09:22'),(53,'m','1984-08-25',63,1,72,'2019-07-21 18:56:19','2020-10-25 14:09:22'),(54,'f','2015-07-07',76,1,69,'2015-03-31 06:22:01','2020-10-25 14:09:22'),(55,'m','1973-12-26',91,1,26,'2004-02-02 04:22:10','2020-10-25 14:09:22'),(56,'f','1996-06-17',28,2,23,'2013-10-15 01:11:04','2020-10-25 14:09:22'),(57,'f','2002-09-16',64,1,39,'1994-06-15 03:01:07','2020-10-25 14:09:22'),(58,'f','2009-11-14',36,1,23,'1992-09-06 06:54:21','2020-10-25 14:09:22'),(59,'m','2018-05-18',86,1,98,'1982-08-09 00:41:20','2020-10-25 14:09:22'),(60,'m','2005-06-23',22,1,19,'2008-09-22 03:24:31','2020-10-25 14:09:22'),(61,'m','2004-06-18',51,1,100,'2017-02-01 20:02:46','2020-10-25 14:09:22'),(62,'m','2005-05-20',91,1,45,'2009-08-09 12:11:32','2020-10-25 14:09:22'),(63,'m','1981-01-15',1,1,24,'1988-11-14 16:44:27','2020-10-25 14:09:22'),(64,'f','1980-09-14',30,1,85,'1990-09-05 23:37:12','2020-10-25 14:09:22'),(65,'m','1975-02-28',45,1,54,'1979-06-01 07:08:28','2020-10-25 14:09:22'),(66,'m','2017-10-27',37,1,13,'1970-10-20 17:18:33','2020-10-25 14:09:22'),(67,'f','2017-09-14',49,1,1,'2007-11-04 13:38:30','2020-10-25 14:09:22'),(68,'f','2011-05-12',34,1,67,'1980-02-12 09:18:41','2020-10-25 14:09:22'),(69,'m','2002-02-06',21,1,31,'1992-08-15 13:55:41','2020-10-25 14:09:22'),(70,'f','2007-05-13',2,1,55,'2004-03-01 16:07:01','2020-10-25 14:09:22'),(71,'f','2006-02-08',49,1,80,'1984-05-16 09:30:57','2020-10-25 14:09:22'),(72,'m','1988-02-19',39,1,37,'2001-01-04 05:09:24','2020-10-25 14:09:22'),(73,'f','2001-01-25',48,1,42,'1992-10-11 12:09:30','2020-10-25 14:09:22'),(74,'f','1986-12-25',21,1,97,'1988-06-01 23:46:27','2020-10-25 14:09:22'),(75,'m','2016-09-13',62,1,62,'1977-09-06 06:37:32','2020-10-25 14:09:22'),(76,'m','1984-12-18',48,1,15,'2005-10-30 20:15:24','2020-10-25 14:09:22'),(77,'f','1978-07-02',50,1,92,'2018-07-19 08:05:32','2020-10-25 14:09:22'),(78,'f','2004-10-13',6,2,11,'1977-03-06 09:16:48','2020-10-25 14:09:22'),(79,'m','2000-08-15',80,1,81,'1987-06-03 07:24:05','2020-10-25 14:09:22'),(80,'m','1971-06-07',80,1,70,'2016-09-16 06:44:45','2020-10-25 14:09:22'),(81,'f','2002-08-05',60,3,7,'2004-10-02 22:06:24','2020-10-25 14:09:22'),(82,'f','1973-08-30',59,1,23,'2007-12-30 04:14:47','2020-10-25 14:09:22'),(83,'f','2003-03-18',16,2,93,'1986-11-01 00:06:54','2020-10-25 14:09:22'),(84,'f','1989-12-18',1,1,97,'2019-02-26 09:27:45','2020-10-25 14:09:22'),(85,'m','1982-03-04',55,1,3,'2004-06-12 04:25:53','2020-10-25 14:09:22'),(86,'f','1993-12-18',74,1,27,'2002-01-05 11:19:36','2020-10-25 14:09:22'),(87,'m','2006-06-12',2,1,23,'1998-08-27 04:47:03','2020-10-25 14:09:22'),(88,'f','1972-12-01',90,3,35,'2001-08-08 09:29:31','2020-10-25 14:09:22'),(89,'m','2012-09-12',44,1,4,'1976-12-27 18:27:41','2020-10-25 14:09:22'),(90,'m','1983-08-29',50,1,15,'1981-08-29 20:32:23','2020-10-25 14:09:22'),(91,'f','1975-09-15',15,1,64,'2017-08-07 10:41:59','2020-10-25 14:09:22'),(92,'m','2018-03-19',26,1,73,'1972-05-25 16:47:25','2020-10-25 14:09:22'),(93,'f','1979-05-12',86,1,72,'2000-10-31 20:08:03','2020-10-25 14:09:22'),(94,'f','2000-12-20',49,1,39,'1999-09-26 13:45:18','2020-10-25 14:09:22'),(95,'f','1987-02-23',89,1,80,'1998-04-25 20:59:37','2020-10-25 14:09:22'),(96,'m','2003-07-02',97,1,84,'1990-04-29 10:03:07','2020-10-25 14:09:22'),(97,'f','2006-02-13',17,1,77,'2004-11-04 10:29:33','2020-10-25 14:09:22'),(98,'m','1990-12-11',96,1,32,'1994-03-08 12:38:05','2020-10-25 14:09:22'),(99,'f','2010-10-05',25,1,31,'1973-11-01 00:37:09','2020-10-25 14:09:22'),(100,'m','2007-02-11',39,1,59,'1982-08-04 07:35:46','2020-10-25 14:09:22');
/*!40000 ALTER TABLE `profiles` ENABLE KEYS */;
UNLOCK TABLES;

--
-- Table structure for table `target_types`
--

DROP TABLE IF EXISTS `target_types`;
/*!40101 SET @saved_cs_client     = @@character_set_client */;
/*!50503 SET character_set_client = utf8mb4 */;
CREATE TABLE `target_types` (
  `id` int unsigned NOT NULL AUTO_INCREMENT,
  `name` varchar(255) NOT NULL,
  `created_at` datetime DEFAULT CURRENT_TIMESTAMP,
  PRIMARY KEY (`id`),
  UNIQUE KEY `name` (`name`)
) ENGINE=InnoDB AUTO_INCREMENT=5 DEFAULT CHARSET=utf8mb4 COLLATE=utf8mb4_0900_ai_ci;
/*!40101 SET character_set_client = @saved_cs_client */;

--
-- Dumping data for table `target_types`
--

LOCK TABLES `target_types` WRITE;
/*!40000 ALTER TABLE `target_types` DISABLE KEYS */;
INSERT INTO `target_types` VALUES (1,'messages','2020-11-08 10:31:08'),(2,'users','2020-11-08 10:31:08'),(3,'media','2020-11-08 10:31:08'),(4,'posts','2020-11-08 10:31:08');
/*!40000 ALTER TABLE `target_types` ENABLE KEYS */;
UNLOCK TABLES;

--
-- Table structure for table `users`
--

DROP TABLE IF EXISTS `users`;
/*!40101 SET @saved_cs_client     = @@character_set_client */;
/*!50503 SET character_set_client = utf8mb4 */;
CREATE TABLE `users` (
  `id` int unsigned NOT NULL AUTO_INCREMENT COMMENT '╨Ш╨┤╨╡╨╜╤В╨╕╤Д╨╕╨║╨░╤В╨╛╤А ╤Б╤В╤А╨╛╨║╨╕',
  `first_name` varchar(100) CHARACTER SET utf8 COLLATE utf8_unicode_ci NOT NULL COMMENT '╨Ш╨╝╤П ╨┐╨╛╨╗╤М╨╖╨╛╨▓╨░╤В╨╡╨╗╤П',
  `last_name` varchar(100) CHARACTER SET utf8 COLLATE utf8_unicode_ci NOT NULL COMMENT '╨д╨░╨╝╨╕╨╗╨╕╤П ╨┐╨╛╨╗╤М╨╖╨╛╨▓╨░╤В╨╡╨╗╤П',
  `email` varchar(100) CHARACTER SET utf8 COLLATE utf8_unicode_ci NOT NULL COMMENT '╨Я╨╛╤З╤В╨░',
  `phone` varchar(100) CHARACTER SET utf8 COLLATE utf8_unicode_ci NOT NULL COMMENT '╨в╨╡╨╗╨╡╤Д╨╛╨╜',
  `created_at` datetime DEFAULT CURRENT_TIMESTAMP,
  `updated_at` datetime DEFAULT CURRENT_TIMESTAMP ON UPDATE CURRENT_TIMESTAMP,
  PRIMARY KEY (`id`),
  UNIQUE KEY `email` (`email`),
  UNIQUE KEY `phone` (`phone`)
) ENGINE=InnoDB AUTO_INCREMENT=101 DEFAULT CHARSET=utf8 COLLATE=utf8_unicode_ci COMMENT='╨Я╨╛╨╗╤М╨╖╨╛╨▓╨░╤В╨╡╨╗╨╕';
/*!40101 SET character_set_client = @saved_cs_client */;

--
-- Dumping data for table `users`
--

LOCK TABLES `users` WRITE;
/*!40000 ALTER TABLE `users` DISABLE KEYS */;
INSERT INTO `users` VALUES (1,'Jordon','Koepp','isaac44@example.com','+15(4)0465711254','1996-03-25 18:03:00','2020-10-25 12:05:00'),(2,'Madie','Bashirian','ebert.annabel@example.com','086-690-8503x5818','1990-08-10 19:26:00','2002-05-24 16:25:00'),(3,'Marge','Huels','richie.torphy@example.com','1-281-435-9108','1977-07-31 18:46:00','2019-09-11 02:18:00'),(4,'Reta','Pacocha','walsh.jacky@example.com','1-035-600-0210x063','2014-02-09 21:27:00','2020-10-25 12:05:00'),(5,'Citlalli','Williamson','rledner@example.org','1-672-665-1875','1984-02-07 23:23:00','1992-02-13 14:59:00'),(6,'Jett','Pfannerstill','yo\'conner@example.com','248.790.2710','2016-03-30 13:51:00','2020-10-25 12:05:00'),(7,'Ofelia','Bartoletti','gsanford@example.net','938.011.9288','2010-10-26 23:16:00','2020-10-25 12:05:00'),(8,'Gregory','Becker','volkman.clinton@example.com','(155)695-7894','1986-08-09 10:47:00','1991-04-21 19:57:00'),(9,'Megane','Schoen','mayer.ebba@example.org','01965720554','1979-02-04 03:47:00','1979-11-27 17:32:00'),(10,'Kara','Monahan','jaime.skiles@example.net','093.419.8742x26978','1999-10-04 19:49:00','2010-01-25 12:40:00'),(11,'Xander','Toy','white.daisha@example.org','958.473.2733x3882','1991-08-20 17:40:00','2009-12-18 19:40:00'),(12,'Reece','Treutel','thuel@example.org','(331)986-9088','1972-11-18 08:26:00','1981-12-25 20:57:00'),(13,'Lola','Halvorson','kenna.labadie@example.net','093.828.1357','2009-11-01 19:57:00','2020-10-25 12:05:00'),(14,'Erica','Miller','white.christophe@example.net','(399)525-6103x2100','1972-05-25 02:16:00','2015-11-25 01:10:00'),(15,'Rahsaan','Turner','dstracke@example.org','(198)067-1128','1977-04-19 18:17:00','1986-10-26 12:55:00'),(16,'Ally','Zemlak','ciara94@example.org','(331)352-6286x82602','2004-10-07 02:21:00','2012-03-04 14:05:00'),(17,'Susan','Upton','clotilde.koss@example.net','262.254.3262','2002-05-03 03:22:00','2020-10-25 12:05:00'),(18,'Chaz','Kovacek','norbert06@example.net','(711)042-4998x69162','2000-03-05 03:52:00','2019-05-13 11:19:00'),(19,'Kamren','Rohan','henry.conn@example.com','853-663-1307','2019-10-16 16:24:00','2020-10-25 12:05:00'),(20,'Margaretta','Hane','hammes.camryn@example.com','170-317-8983x029','1974-03-17 11:08:00','2006-10-11 12:31:00'),(21,'Christian','Franecki','carmel18@example.org','205.677.8365x1633','2007-01-04 05:01:00','2020-10-25 12:05:00'),(22,'Mckenna','Dietrich','sabshire@example.net','655-743-4001x84080','1989-12-13 13:47:00','2017-11-14 12:02:00'),(23,'Hilda','Ryan','domingo74@example.com','(056)994-7416','1999-08-30 20:07:00','2020-10-25 12:05:00'),(24,'Karson','Carroll','awintheiser@example.com','1-079-059-7143','1986-10-04 19:47:00','1993-06-24 04:39:00'),(25,'Hyman','Bednar','blick.jamal@example.com','1-489-565-5795','2007-05-09 03:04:00','2020-10-25 12:05:00'),(26,'Lew','Gutmann','savanah41@example.net','1-654-990-0758x53214','1999-04-09 10:33:00','2020-10-25 12:05:00'),(27,'Ivory','Cummings','amely.harris@example.net','039.963.8791x9367','2019-10-21 07:39:00','2020-10-25 12:05:00'),(28,'Cheyanne','Beier','kasey01@example.org','571-483-4265','2009-02-05 16:24:00','2020-10-25 12:05:00'),(29,'Lenna','Boyer','schmeler.candace@example.com','(123)802-4829','2002-03-28 15:55:00','2020-10-25 12:05:00'),(30,'Wilfredo','Gislason','josefina67@example.org','1-403-631-1877','1997-09-03 22:11:00','2020-10-25 12:05:00'),(31,'Hermina','Ward','hvolkman@example.com','495-380-8889x234','2003-07-30 03:57:00','2020-10-25 12:05:00'),(32,'Sigurd','Konopelski','cathryn62@example.org','(059)033-7181x6547','1988-02-23 17:52:00','1991-03-03 16:40:00'),(33,'Harley','Hirthe','tstoltenberg@example.net','02111690412','2009-07-16 15:56:00','2020-10-25 12:05:00'),(34,'Onie','Kessler','khodkiewicz@example.org','(811)386-9901x7319','2010-09-12 12:45:00','2020-10-25 12:05:00'),(35,'Madyson','Bergstrom','hhoeger@example.org','04627587115','2018-09-16 19:57:00','2020-10-25 12:05:00'),(36,'Abel','Rohan','mariana05@example.com','06364915363','1989-05-06 08:58:00','1995-06-15 14:49:00'),(37,'Josefina','Pollich','lynn05@example.org','+13(5)7515473120','1975-01-11 08:40:00','1978-07-16 17:17:00'),(38,'Elinore','Greenholt','pferry@example.org','500-935-7257x4601','1986-11-14 07:00:00','1991-11-24 08:08:00'),(39,'Florence','Graham','armstrong.orval@example.net','06394236709','1993-12-26 11:43:00','1999-07-21 01:57:00'),(40,'Preston','Klocko','bode.cordia@example.com','521-497-2784','2009-07-10 14:34:00','2020-10-25 12:05:00'),(41,'Cody','Sporer','braxton92@example.com','(546)510-8443','1971-06-04 15:56:00','1988-11-04 09:54:00'),(42,'Eleanore','O\'Kon','alfred24@example.com','891-471-2707x441','2017-01-01 16:11:00','2020-10-25 12:05:00'),(43,'Daphney','Jast','krystel.renner@example.net','973-379-1716x8290','2008-09-24 19:52:00','2020-10-25 12:05:00'),(44,'Rex','Little','lockman.zelma@example.com','(820)023-3910','1978-08-30 18:32:00','1993-10-15 06:31:00'),(45,'Teagan','Dicki','yaltenwerth@example.net','(991)743-9543x52961','1992-10-31 01:43:00','2020-10-25 12:05:00'),(46,'Conner','Hand','kyra.carter@example.org','(742)605-8478','2001-02-20 02:51:00','2020-10-25 12:05:00'),(47,'Deborah','Kilback','zemlak.zachary@example.com','251-293-3926','1987-01-10 09:36:00','1997-05-21 00:26:00'),(48,'Itzel','Mraz','aullrich@example.net','670.598.9089x434','1995-04-19 03:30:00','2020-10-25 12:05:00'),(49,'Abelardo','Feeney','lindgren.rosendo@example.org','1-065-505-1218x5495','2007-12-07 01:04:00','2017-01-05 18:17:00'),(50,'Carolyn','Kassulke','ludie.bahringer@example.net','(459)258-5173','1998-04-13 19:21:00','2020-10-25 12:05:00'),(51,'Deondre','Jenkins','vschaefer@example.com','419.032.6341','2007-11-02 06:23:00','2019-04-11 11:30:00'),(52,'Maximo','Little','art.rohan@example.net','(629)981-6490','1973-08-04 10:03:00','2014-01-17 14:26:00'),(53,'Lilian','Wiegand','ozemlak@example.org','+71(2)5024114251','1972-10-01 18:01:00','2020-07-13 14:15:00'),(54,'Morgan','Stiedemann','eichmann.destiny@example.net','370.269.4688x76526','1994-09-28 07:58:00','2016-11-06 06:42:00'),(55,'Jenifer','Cassin','dskiles@example.net','(105)162-6915x176','2000-11-01 11:06:00','2013-01-29 13:00:00'),(56,'Cathryn','Kautzer','jimmy32@example.net','04031116981','1998-11-26 22:26:00','2020-10-25 12:05:00'),(57,'Sydney','Fritsch','shyann35@example.org','052-162-7586','1991-02-09 23:04:00','1991-04-04 15:43:00'),(58,'Brook','Nicolas','clarson@example.net','428-102-0210x339','1985-03-03 04:27:00','2005-01-02 21:36:00'),(59,'Gus','Wiza','lrempel@example.org','953.900.4396x59856','1989-10-23 17:33:00','2020-10-25 12:05:00'),(60,'Shanelle','Heathcote','mikayla48@example.org','1-806-502-3550','1980-10-18 14:53:00','1994-08-10 00:51:00'),(61,'Jadon','Auer','hilton.connelly@example.com','(840)699-5981x1512','1999-09-24 10:15:00','2020-10-25 12:05:00'),(62,'Retha','Padberg','mayer.joesph@example.org','1-550-474-4779x71958','1975-12-01 22:30:00','2020-10-25 12:05:00'),(63,'Gladys','Conroy','jschulist@example.org','(409)536-6172x378','2013-07-09 14:14:00','2020-10-25 12:05:00'),(64,'Jaeden','Russel','braxton01@example.org','(811)322-8292x33318','1986-09-19 16:21:00','1990-08-22 00:05:00'),(65,'Glen','Will','jayson.mcdermott@example.net','1-284-227-4344','2017-03-27 21:47:00','2020-10-25 12:05:00'),(66,'Rhea','Brown','aletha.legros@example.org','960-224-4095','1977-02-06 00:22:00','1977-06-10 22:01:00'),(67,'Baron','Weber','tatyana.jenkins@example.net','(625)921-4982x7765','1971-05-29 04:51:00','2018-12-27 10:37:00'),(68,'Idell','Hagenes','stracke.frederique@example.com','(477)308-0830x1912','2003-07-07 20:12:00','2020-10-25 12:05:00'),(69,'Verda','Cummings','connelly.guiseppe@example.com','531.878.0679x80451','2001-09-03 00:28:00','2012-07-30 00:25:00'),(70,'Zaria','Hammes','austen.rutherford@example.org','397-297-1144','2006-04-29 20:09:00','2020-10-25 12:05:00'),(71,'Katlynn','Purdy','brando.ankunding@example.net','1-204-714-3065x49261','2002-02-10 09:21:00','2020-07-29 02:54:00'),(72,'Francesco','Nicolas','okey.mayer@example.org','463-484-1496','2014-01-08 12:34:00','2020-10-25 12:05:00'),(73,'Fausto','Dickens','lukas.hand@example.org','381-834-5173x049','2018-08-02 10:04:00','2020-10-25 12:05:00'),(74,'Matteo','Cole','ida.weissnat@example.org','+07(7)9503485936','1980-02-20 04:54:00','1999-11-28 00:19:00'),(75,'Freeda','Schaden','wava.bogan@example.com','(557)494-7417x009','1976-01-14 00:47:00','2019-06-11 16:21:00'),(76,'Claudia','Lowe','hschmidt@example.net','1-288-720-2381','1975-01-21 17:44:00','2009-10-07 02:48:00'),(77,'Madelynn','Bernier','edison30@example.org','258-201-7735x06587','2005-09-06 07:53:00','2020-10-25 12:05:00'),(78,'Shawn','Gutmann','ekoelpin@example.org','1-810-931-5595x7400','1995-01-06 07:37:00','2020-10-25 12:05:00'),(79,'Brycen','Monahan','ubahringer@example.com','1-358-269-3689x6593','2003-10-08 18:26:00','2020-10-25 12:05:00'),(80,'Wallace','Schimmel','nadams@example.org','224-751-7631x781','1995-02-14 03:02:00','2002-11-15 04:20:00'),(81,'Dejah','Schinner','rosenbaum.miguel@example.net','(290)569-5641','2009-04-11 08:39:00','2020-02-12 16:56:00'),(82,'Albina','Johns','turner.bednar@example.net','315.915.6919','2002-09-13 15:39:00','2020-10-25 12:05:00'),(83,'Juston','Murazik','kathryne57@example.net','1-901-723-4423x5852','1974-04-22 05:25:00','2020-10-25 12:05:00'),(84,'Maymie','Reinger','sammie79@example.org','859-773-8171','2003-06-09 16:28:00','2020-10-25 12:05:00'),(85,'Mckenna','Mertz','xturcotte@example.net','1-783-281-7244','1983-07-25 14:51:00','2020-10-25 12:05:00'),(86,'Gilda','Beatty','reed.thiel@example.net','464-062-1855','1995-12-26 15:12:00','2003-10-14 05:13:00'),(87,'Tate','Parisian','jedediah53@example.org','+91(8)7645234667','1994-09-28 14:02:00','2016-11-13 11:09:00'),(88,'Antonetta','Green','caterina30@example.org','1-538-098-3150x32468','1974-07-09 17:26:00','1988-05-04 00:42:00'),(89,'Dayana','Trantow','bulah.miller@example.org','(911)602-0958','2008-02-10 20:41:00','2020-10-25 12:05:00'),(90,'Jamaal','Fisher','bkerluke@example.com','+32(7)9996984235','2014-11-15 10:23:00','2020-10-25 12:05:00'),(91,'Concepcion','Kertzmann','hertha20@example.org','(052)362-9655x78925','2015-02-23 19:29:00','2020-10-25 12:05:00'),(92,'Rae','Fahey','brandi.hagenes@example.org','1-421-227-1639x07176','1979-10-15 02:44:00','1995-11-29 12:00:00'),(93,'Louvenia','Hyatt','cesar.hermiston@example.org','1-501-072-2444','2005-06-18 20:49:00','2015-04-26 11:53:00'),(94,'Savannah','Ortiz','mohammed79@example.net','697.775.8253','1970-08-14 16:23:00','1976-09-12 02:46:00'),(95,'Gene','Hand','broderick.champlin@example.net','+80(8)9042188428','1973-02-12 17:31:00','1987-12-25 05:51:00'),(96,'Mack','Crooks','dmoore@example.net','(335)464-4056','1974-04-13 05:27:00','1975-04-05 07:24:00'),(97,'Bertha','Cremin','kathryn82@example.com','(964)624-5170','1971-05-14 05:07:00','1990-07-12 23:10:00'),(98,'April','Schamberger','hansen.german@example.org','791.900.2738','1987-06-06 02:34:00','2020-10-25 12:05:00'),(99,'Jaron','Aufderhar','madie58@example.org','293-363-2634','1972-09-20 09:26:00','1977-12-22 16:15:00'),(100,'Melisa','Lebsack','mlakin@example.net','(064)067-5646','2015-03-24 14:10:00','2020-10-25 12:05:00');
/*!40000 ALTER TABLE `users` ENABLE KEYS */;
UNLOCK TABLES;
/*!40103 SET TIME_ZONE=@OLD_TIME_ZONE */;

/*!40101 SET SQL_MODE=@OLD_SQL_MODE */;
/*!40014 SET FOREIGN_KEY_CHECKS=@OLD_FOREIGN_KEY_CHECKS */;
/*!40014 SET UNIQUE_CHECKS=@OLD_UNIQUE_CHECKS */;
/*!40101 SET CHARACTER_SET_CLIENT=@OLD_CHARACTER_SET_CLIENT */;
/*!40101 SET CHARACTER_SET_RESULTS=@OLD_CHARACTER_SET_RESULTS */;
/*!40101 SET COLLATION_CONNECTION=@OLD_COLLATION_CONNECTION */;
/*!40111 SET SQL_NOTES=@OLD_SQL_NOTES */;

-- Dump completed on 2020-11-09  1:30:12
